english,hindi,English_Emotion,English_Confidence,Hindi_Emotion,Hindi_Confidence
"4 days after the massive tsunami struck Japan, hopes of finding anyone still alive were fading.",बडे पैमाने पर सुनामी से प्रभावीत जापान में 4 दिनो बाद कोई अभी तक जिंदा होने की आशाएँ लुप्त हो रही थी। ,fear,0.5430925488471985,surprise,0.6502758860588074
What was completing the square?,वर्ग का पूर्णा क्या था? ,surprise,0.694525420665741,surprise,0.5339207053184509
I have already done my work.,मैं अपना काम कर चुका हूँ। ,surprise,0.1851748824119568,surprise,0.567197859287262
National Mental Health Programme,राष्ट्रीय मनः स्वास्थ्य कार्यक्रम,surprise,0.49088382720947266,joy,0.7222669720649719
menu,क्रियावली,surprise,0.46110963821411133,surprise,0.6816816926002502
The inflation rate is apparently in the ascending degree.,मुद्रास्फीति की दर प्रत्यक्ष रूप से उपरली डिग्री में है। ,surprise,0.4437797963619232,anger,0.30425897240638733
A sludge of blood in the vessel causes absruction to blood flow.,वाहिका में रूधिर अवपंक रक्त प्रवाह में अवरोध का कारण है,surprise,0.5461074709892273,love,0.47816088795661926
Device,उपकरण,surprise,0.664078414440155,surprise,0.7226803302764893
Harkat - ul - Jihad al - Islami,हरकत-उल-जिहाद-ए-इस्लामी,surprise,0.5143184065818787,love,0.613381028175354
URL …,URL …,surprise,0.4676414430141449,surprise,0.4676414430141449
How do I raise the self - esteem of a child,किसी बच्चे का स्वाभिमान बढाना,surprise,0.5100547075271606,fear,0.5280827879905701
"Anshu replied, The other day I was on my terrace flying a kite.","अंशु बोला, आंटी मैं एक दिन अपनी छत पर पतंग उड़ा रहा था। ",surprise,0.6609435081481934,surprise,0.7906674146652222
The following is a typical example of many Telugu folk songs addressed to the moon.,निम्नलिखित तेलुगु गीत चंद्रमा से संबंधित लोक गीतों का एक उदाहरण हैं। ,surprise,0.25095564126968384,surprise,0.4512844979763031
Note,व्याख्या,surprise,0.5888981223106384,surprise,0.5478742718696594
and then fill in the box where your market would go.,और उसके बाद जहां आपके बाजार जाना होता तो बॉक्स में भरें। ,surprise,0.4114414155483246,surprise,0.7555748820304871
Sterilisation,विसंक्रमण,surprise,0.5702375173568726,love,0.45168057084083557
"Terrorists are not stupid; focusing on Arabs, as Smerconish urges, will prompt them to turn to non - Arab operatives. This is already a concern. Jean - Louis Bruguière, the leading French anti - terrorist investigating judge, warned along these lines in May 2003, recounts Robert Leiken, that “al - Qaida had stepped up its European recruiting efforts and was on the lookout for women and light - skinned converts in particular. ” The deputy director of a French intelligence agency, the Direction de la Surveillance du Territoire, even told Mr. Leiken that “converts are our most critical work now. ” < s > Smerconish responds to my argument by acknowledging that his book may at some point become obsolete, “but that day is not today. ” He sees physical appearance remaining a key predictor of intentions.",फिलाडेल्फिया डेली न्यूज़ के स्तंभकार और रेडियो टॉक शो के मेजबान माईकल ए. स्मरकोनिश ने अपनी नई और साहसी पुस्तक Flying Blind: How Political Correctness Continues to Compromise Airline Safety Post 9/11. में लिखा है कि प्रमुख तत्व नस्ल है. इसके विपरीत मेरा मानना है कि मुख्य बाहरी तत्व नहीं है वरन् यह है कि व्यक्ति के मस्तिष्क में क्या है जिसे इस्लामवादी आस्था कह सकते हैं. ,surprise,0.6017835736274719,surprise,0.6046444773674011
"I wish you all the very best. Let me conclude in the words of Confucius: ""Education breeds confidence. Confidence breeds hope. Hope breeds peace”.","मैं कन्फूसियस के शब्दों से अपनी बात समाप्त करता हूं, ‘शिक्षा से विश्वास पैदा होता है,विश्वास से उम्मीद पैदा होती है, उम्मीद से शांति पैदा होती है।’",joy,0.8695536255836487,fear,0.6231155395507812
No Title,कोई शीर्षक नहीं,surprise,0.5659164190292358,surprise,0.823447585105896
Select,चुनें,surprise,0.5219261646270752,surprise,0.7288698554039001
Dark Gray,गाढ़ा धूसर,sadness,0.4547989070415497,anger,0.3123250901699066
preserve,संभालना,surprise,0.46058425307273865,love,0.3609565794467926
It 's been my observation that most people get ahead during the time that others waste.,मैंने देखा है कि ज्यादातर लोग उस समय आगे निकल जाते हैं जब दूसरे समय को बरबाद कर रहे होते हैं। ,surprise,0.3421630561351776,anger,0.637584388256073
Emergency contraception can be use only up to 72 hours (3days) after the occurrence of unprotected sex.,असुरक्षित संभोग क्रिया के बाद 72 घंटे (3 दिन) तक ही आपाती गर्भ निरोधकों का प्रयोग किया जा सकता है। ,surprise,0.5617051124572754,surprise,0.40998613834381104
"The Constitution, which provides for certain basic safeguards which have been called fundamental rights, also provides for a quick and inexpensive remedy for the enforcement of such rights.","हमारे संविधान में, जिसमें कुछ आधारभूत रक्षोपाय दिए गए हैं जिन्हें मूल अधिकार कहा गया है, इन अधिकारों के प्रवर्तन के लिए त्वरित एवं कमखर्च उपाय की व्यवस्था भी की गई है। ",surprise,0.4492693543434143,surprise,0.7781657576560974
HTML5 can be used to create all sorts of,HTML5 के सभी प्रकार बनाने के लिए इस्तेमाल किया जा सकता है ,surprise,0.42574694752693176,surprise,0.48109155893325806
agency,सबील,surprise,0.5446459054946899,surprise,0.35077306628227234
"Allah, there is no god except He. He will gather you to the Resurrection Day, there is no doubt in it. And who is truer in statement than Allah?",अल्लाह तो वही परवरदिगार है जिसके सिवा कोई क़ाबिले परस्तिश नहीं वह तुमको क़यामत के दिन जिसमें ज़रा भी शक नहीं ज़रूर इकट्ठा करेगा और ख़ुदा से बढ़कर बात में सच्चा कौन होगा,surprise,0.7329568266868591,surprise,0.8214629292488098
market intermediary,विपणन बिचौलिया,surprise,0.5517339706420898,surprise,0.3717099726200104
The programme also witnessed the launch of two scholarship schemes – Saksham and Pragati.,इसी कार्यक्रम में दो छात्रवृत्ति योजनाओं—सक्षम एवं प्रगति—का भी शुभारंभ हुआ।,surprise,0.3084673285484314,fear,0.39246413111686707
The customer should give an application to close an account.,ग्राहक को लेखा संवरण के लिए प्रत्र लिखना पढ़ता है। ,surprise,0.31580081582069397,surprise,0.3720332086086273
Network _ Game,संजाल खेल (_ G) ,surprise,0.5753118395805359,sadness,0.271860271692276
Nagpur district,नागपुर जिला,surprise,0.4539693295955658,surprise,0.6834121346473694
Reload,री-लोड @action,surprise,0.478222519159317,love,0.8905136585235596
Uterine rupture may be during curretage of uterus.,गर्भाश्य विदार गर्भाशय के क्यूरोटटेज के दौरान हो सकता है। ,surprise,0.32813894748687744,joy,0.4143775403499603
Bamboos were used in the lawn of the resort.,रिसॉर्ट के लॉन में बांसों का उपयोग किया गया है। ,surprise,0.2911726236343384,surprise,0.49305829405784607
"Under the Scheme, financial assistance between 75% to 85% of the project cost upto maximum of Rs. 8 lakh per idea / unit, provided to Business Incubators (BIs).","योजना के तहत रुपये की अधिकतम परियोजना लागत की वित्तीय सहायता से 85% से 75% के बीच। व्यापार इन्क्यूबेटरों (बीआईएस) के लिए प्रदान की जाती विचार/प्रति यूनिट 8 लाख,। भारतीय मानक ब्यूरो के भी रुपये का लाभ उठाने के पात्र हैं। ",surprise,0.3842703700065613,surprise,0.3216944634914398
to asking for something in a pleading manner,विनातिपूर्वक कुछ माँगना,surprise,0.6725709438323975,surprise,0.5654929280281067
This is an extraordinary case.,यह एक असाधारण घटना है। ,surprise,0.9966131448745728,surprise,0.8180558085441589
giant hornbill,विशालकाय होर्नबिल,surprise,0.5382024049758911,surprise,0.5518072843551636
"More and more countries are fighting back by requiring that tobacco packages graphically show the dangers of tobacco, as called for in the WHO Framework Convention on Tobacco Control.",विश्व स्वास्थ्य संगठन के फ्रेमवर्क कंवेंशन ऑन टोबैको कंट्रोल के अनुसार दुनियाभर के देश तम्बाकू के पैकेटों पर उससे होने वाले हानि दर्शाये जाने की लड़ाई लड़ रहे हैं। ,surprise,0.36595427989959717,fear,0.8864718675613403
Only approved contractors have been allowed to bid for the contract.,ठेके के लिए बोली लगाने की आज्ञा सिर्फ अनुमोदित ठेकेदारों को ही दी गयी है। ,surprise,0.37516695261001587,surprise,0.9183619022369385
Tax capitalisation may be used as a form of assistance to the needy industries.,कर का पूंजीकरण जरुरतमंद उद्योगों को सहायता प्रदान करने का एक उपाय हो सकता है। ,surprise,0.615492045879364,surprise,0.8549486398696899
disorder,आकुलत्व,surprise,0.7616016268730164,surprise,0.62387615442276
cerement,प्रेत-पट,surprise,0.4746464788913727,surprise,0.574455201625824
Counterclockwise Right,घड़ी की विपरीत दिशा में दाएं,surprise,0.42633479833602905,sadness,0.4918173551559448
What is the matter with you? Why do you not help one another?,(अरे कमबख्तों) अब तुम्हें क्या होगा कि एक दूसरे की मदद नहीं करते,surprise,0.6549185514450073,surprise,0.9417582154273987
The Sutras could play that part once again in the fissured world of the modern thinker.,आधुनिक चिनतकों की मतविभाजित दुनिया में वे सूत्र एक बार फिर अपनी भूमिका निभा सकते हैं। ,surprise,0.5472792983055115,fear,0.9164926409721375
Unsigned Number,à¤à¤¹à¤¸à¥à¤¤à¤¾à¤à¤¤à¤°à¤¿à¤¤ à¤¸à¤à¤à¥à¤¯à¤¾,surprise,0.44295012950897217,surprise,0.5476852059364319
"The Lion, king of the forest, was resting under a tree.",जंगल का राजा सिंह एक पेड के नीचे सुस्ता रहा था। ,surprise,0.49219852685928345,surprise,0.34912294149398804
uncoloured,निरङ्ग,surprise,0.45909562706947327,surprise,0.4898204505443573
Creating file layout,फ़ाइल ख़ाका का निर्माण,surprise,0.5038453340530396,surprise,0.38338035345077515
Open,खोलें (O) ,surprise,0.5543952584266663,love,0.7725282311439514
"but denied [them] and turned away,",मगर झुठलाया और (ईमान से) मुँह फेरा,surprise,0.5498610734939575,fear,0.7273217439651489
There were no fire - engines within fifty miles.,आसपास पचास मील तक कहीं कोई आग बुझाने वाली मोटर थी ही नहीं। ,surprise,0.3511662483215332,anger,0.5891484618186951
The train ran off the tracks.,ट्रेन पटरी से उतर गई। ,surprise,0.7099300026893616,surprise,0.4877418279647827
A freeze in fresh farm jobs owing to over - employment and increasing inability of the non - farm sector in rural areas to absorb excess rural workforce have led to the teeming of manpower in urban areas.,अधिक रोजगार के कारण नए कृषि रोजगारों पर रोक तथा ग्रामीण इलाकों में अतिशय ग्रामीण कार्यबल को खपाने करने में गैर कृषि क्षेत्र की बढ़ती अक्षमता से शहरी इलाकों में जनशक्ति की बाढ़ सी आ गई है। ,surprise,0.5504195690155029,surprise,0.9030336141586304
Failed to load image information,छवि जानकारी लोड करने में असफल,surprise,0.32269835472106934,surprise,0.32066798210144043
"They take India for granted, not realising that nothing can be taken for granted in this cataclysmic age, much less India which, though quiet on the surface, is shaken by all manner of forces and vital urges.","वह हिंदुसतान की बिल्कुल भी परवाह नहीं करते, वह यह नहीं समझते कि क्रांति के इस जमाने में किसी की भी अनदेखी नहीं की जा सकती, हिंदुस्तान की तो और भी नहीं क़्योंकि यह ऊपर से तो शांत दिखता है, लेकिन हर तरह की ताकतें और भावनाएं इसे भीतर ही भीतर झकझोर रही हैं. ",surprise,0.9536310434341431,surprise,0.6689812541007996
Pause,ठहरें,surprise,0.5330930352210999,surprise,0.3583050072193146
Australian,आस्ट्रेलियाई-भाषा,surprise,0.40898168087005615,joy,0.4238165020942688
grasping,पकड़ाई,surprise,0.39225712418556213,surprise,0.46438124775886536
direct tax,प्रत्यक्ष कर/कराधान,surprise,0.5945797562599182,surprise,0.6662571430206299
In which they will remain forever; in it they will find neither a protector nor any supporter.,जिसमें वह हमेशा अबदल आबाद रहेंगे न किसी को अपना सरपरस्त पाएँगे न मद्दगार,surprise,0.6212986707687378,surprise,0.7577394247055054
"Some major rivers in Himalaya are Sindhu, Ganga, Brahmaputra and Yangtez.",हिमालय की कुछ प्रमुख नदियों में शामिल हैं-सिंधु गंगा ब्रम्हपुत्र और यांगतेज। ,surprise,0.2466689944267273,surprise,0.4350769817829132
sycophantic,खुशामदी,surprise,0.8697669506072998,sadness,0.42846056818962097
"(Muhammad), tell them, ""It is all the same whether you call Him God or the Beneficent. All the good names belong to Him."" (Muhammad), do not be too loud or slow in your prayer. Choose a moderate way of praying.","कह दो, ""तुम अल्लाह को पुकारो या रहमान को पुकारो या जिस नाम से भी पुकारो, उसके लिए सब अच्छे ही नाम है।"" और अपनी नमाज़ न बहुत ऊँची आवाज़ से पढ़ो और न उसे बहुत चुपके से पढ़ो, बल्कि इन दोनों के बीच मध्य मार्ग अपनाओ",surprise,0.40753528475761414,surprise,0.8843875527381897
gnawing animal,कृंतक प्राणी,surprise,0.6134354472160339,fear,0.4874759018421173
macerate,द्रवनिवेशन,surprise,0.5639770030975342,love,0.8423962593078613
He had received rupees seven hundred and fifty for a film on Seva Sudan.,उन्हें सेवासदन पर एक फ़िल्म बनाने के लिए सात सौ पजास रूपये मिले थे। ,surprise,0.28943607211112976,surprise,0.9014794230461121
It will stand for a Federal Government for India as the ultimate goal but for a strong central government with dictatorial powers for some years to put India on her feet.,"चरम लक्ष्य के रूप में इसे भारत के लिए संघीय सरकार की ही पैरवी करनी होगी, लेकिन देश को स्वावलंबी बनाने के लिए कुछ वर्षों तक केंद्र में तानाशाही अधिकारों वाली शक़्तिशाली सरकार की अनिवार्यता भी समझ लेनी होगी. ",surprise,0.47164541482925415,surprise,0.4429187476634979
"But those who have feared their Lord - for them are chambers, above them chambers built high, beneath which rivers flow. [This is] the promise of Allah. Allah does not fail in [His] promise.",जो आग में (पड़ा) हो मगर जो लोग अपने परवरदिगार से डरते रहे उनके ऊँचे-ऊँचे महल हैं (और) बाला ख़ानों पर बालाख़ाने बने हुए हैं जिनके नीचे नहरें जारी हैं ये खुदा का वायदा है (और) वायदा ख़िलाफी नहीं किया करता,fear,0.5226232409477234,fear,0.7649688124656677
"By way of this appeal, the appellant has assailed the judgment of conviction and order of sentence as bad in law on various grounds.","इस अपील के माध्यम से, अपीलार्थी ने दोषसिद्धि और दंडादेश के आदेश पर, उसके विभिन्न आधारों पर विधि की दृष्टि से दोषपूर्ण होने पर, अभ्याक्रमण किया है. ",surprise,0.4318578541278839,surprise,0.35193654894828796
outdated,अप्रचरित,surprise,0.4529728293418884,surprise,0.48729264736175537
"Points: 122 Year: July - September, 2008","अंक: 122 वर्ष: जुलाई-सितंबर, 2008",surprise,0.396391898393631,surprise,0.33399102091789246
"It, however, said that it may not be advisable to provide for reservations in certain areas, e. g. in technical posts, re - search and development organisations, in specialities and super specialities in medicine, engineering and other such courses in physical sciences and mathematics, in defence services and connected establishments.","किंतु, इसमें कहा गया कि कतिपय क्षेत्रों के तकनीकी पदों, अनुसंधान तथा विकास संगठनों, चिकित्सा, इंजीनियरी और भौतिकी विज्ञानों तथा गणित के ऐसे ही अन्य पाठ्यक्रमों में विशेष अध्ययन या अति विशेष अध्ययन, तथा रक्षा सेवाओं से संबंधित प्रतिष्ठानों में आरक्षणों का उपबंध करना उचित नहीं होगा। ",surprise,0.424975723028183,surprise,0.4596590995788574
"but it will be ignored by the most unfortunate,",और बदबख्त उससे पहलू तही करेगा,surprise,0.935795783996582,sadness,0.5203306674957275
"all the rocks, then silicon, aluminum, iron, calcium, a bunch of stuff.","सभी चट्टानों, तो सिलिकॉन, एल्यूमीनियम, लोहा, कैल्शियम, सामान का एक गुच्छा. ",surprise,0.5488506555557251,surprise,0.536001443862915
Technology is built not so much by individuals but by organizations.,प्रौद्योगिकी का निर्माण व्यक्तियों से कहीं अधिक संगठनों द्वारा किया जाता है। ,surprise,0.4281500577926636,surprise,0.9850799441337585
A process of straightening fractured bones by using wires or pins.,तार या पिन का उपयोग करके टूटी हुई हड्डियों को सीधी करने की एक प्रक्रिया. ,surprise,0.6084766983985901,sadness,0.8690625429153442
It gives voice to the downtrodden and dispossessed.,यह दबे-कुचलों और वंचितों की आवाज है।,sadness,0.6735395789146423,surprise,0.41556409001350403
less than or whatever?,कम से कम या जो कुछ भी? ,surprise,0.7314924001693726,joy,0.5978738069534302
part that we 're subtracting from the other fraction part was smaller.,जिसको हम दूसरे अंश भाग से घटा रहे थे,surprise,0.5437605977058411,surprise,0.8028267621994019
Credit delivery through Micro Credit Organizations / Self Help Groups,माइक्रो ऋण संगठनों/स्वयं सहायता समूहों के माध्यम से ऋण सुपुर्दगी,surprise,0.4853745102882385,sadness,0.36892974376678467
"(As for) those who took the calf (for a god), surely wrath from their Lord and disgrace in this world 's life shall overtake them, and thus do We recompense the devisers of lies.",बेशक जिन लोगों ने बछड़े को (अपना माबूद) बना लिया उन पर अनक़रीब ही उनके परवरदिगार की तरफ से अज़ाब नाज़िल होगा और दुनियावी ज़िन्दगी में ज़िल्लत (उसके अलावा) और हम बोहतान बॉधने वालों की ऐसी ही सज़ा करते हैं,anger,0.5574614405632019,anger,0.4022209942340851
"While toying with the idea of a table top version instead of existing floor based version, he realised that the design would become more complex to feed the cane at the exact height when used by various users","वर्तमान में उपलब्ध सतह आधारित मशीन के बदले, टेबल टॉप वर्जन पर अध्ययन के दौरान उन्हें महसूस हुआ कि जब इसे विभिन्न उपयोगकर्ताओं द्वारा प्रयोग में लाया जाएगा तो इसमें गन्ने डालने के क्रम में इसका उपयोग बहुत ही जटिल हो जाएगा। ",surprise,0.6761683225631714,surprise,0.47844409942626953
Tar compressed with bzip2 (. tar. bz2),"टीएआर, बी-ज़िप2 के साथ संपीडित (. tar. bz2) ",surprise,0.39131560921669006,surprise,0.28161096572875977
"They have no true respect of God when they say, ""God has not sent anything to a mortal being."" (Muhammad), tell them, ""Who revealed the Book containing a light and guidance for the people which Moses brought? You wrote down only some parts of the original on paper and hid much, even after having learnt from it, that which neither you nor your fathers knew."" Tell them, ""God has (revealed the Quran),"" and then leave them alone to pursue their useless investigations.",और बस और उन लोगों (यहूद) ने ख़ुदा की जैसी क़दर करनी चाहिए न की इसलिए कि उन लोगों ने (बेहूदे पन से) ये कह दिया कि ख़ुदा ने किसी बशर (इनसान) पर कुछ नाज़िल नहीं किया (ऐ रसूल) तुम पूछो तो कि फिर वह किताब जिसे मूसा लेकर आए थे किसने नाज़िल की जो लोगों के लिए रौशनी और (अज़सरतापा (सर से पैर तक)) हिदायत (थी जिसे तुम लोगों ने अलग-अलग करके काग़जी औराक़ (कागज़ के पन्ने) बना डाला और इसमें को कुछ हिस्सा (जो तुम्हारे मतलब का है वह) तो ज़ाहिर करते हो और बहुतेरे को (जो ख़िलाफ मदआ है) छिपाते हो हालॉकि उसी किताब के ज़रिए से तुम्हें वो बातें सिखायी गयी जिन्हें न तुम जानते थे और न तुम्हारे बाप दादा (ऐ रसूल वह तो जवाब देगें नहीं) तुम ही कह दो कि ख़ुदा ने (नाज़िल फरमाई) ,surprise,0.7960877418518066,fear,0.35029521584510803
Ajay Maken,अजय माकन,joy,0.4695647358894348,surprise,0.472354918718338
To them they are a symbol of status and security.,उनके लिए वे सम्मान और सुरक्ष्ज्ञज्ञ के प्रतीक हैं। ,surprise,0.5533410906791687,surprise,0.3800811469554901
Herbalife,हर्बालाइफ ,surprise,0.4757827818393707,love,0.5989558100700378
Europe / Kiev,यूरोप/केव,surprise,0.44522032141685486,joy,0.7029878497123718
"Before dealing with the arguments advanced by the counsel for the parties, it would be appropriate to set out the nature of the controversy and it cannot be better demonstrated than by visually depicting the same.","पक्षकारों के वकील के तर्कों के साथ निपटने से पहले, विवाद की प्रकृति का वर्णन करना उपयुक्त होगा और इसका प्रदर्शन उसी का दृष्टिगत रूप से चित्रण करने से बेहतर नहीं किया जा सकता है. ",surprise,0.44473135471343994,surprise,0.4561787545681
Life is hard hi the rural areas.,ग्रामीण क्षेत्रों में लोगों को कठोर जीवन जीना होता है। ,surprise,0.41542696952819824,surprise,0.3376918435096741
Vermiform is also called as lumbrical.,कृम्याकार को लम्ब्रीकल भी कहा जाता है. ,surprise,0.3342924118041992,surprise,0.6844943165779114
penetration,ज्ञान,surprise,0.5876905918121338,joy,0.6179433465003967
"If I have $2, that 's less than $5, or $5 is greater than $2.","अगर मेरे पास $2 हैं, जो $5 से छोटे हैं, या $5 बड़े हैं $2 से ",surprise,0.3634696304798126,surprise,0.3249274790287018
"Karnataka has an impressive record in attracting and retaining Foreign Direct Investments (FDI), especially in the realm of industrial investments.","कर्नाटक में प्रत्य क्ष विदेशी निवेश (एफडीआई) को आकर्षित तथा धारित करने का एक प्रभावशाली रिकॉर्ड रहा है, ",surprise,0.42533040046691895,joy,0.2588987648487091
Set Secondary Event Type,à¤¨à¤¯à¤¾% 1,surprise,0.5996068120002747,surprise,0.4677620828151703
Tissue culture and orchid units,ऊतक संवर्धन और ऑर्किड इकाइयां,surprise,0.38351109623908997,surprise,0.38896340131759644
international financial centre,अंतर्राष्ट्रीय वित्तीय केन्द्र,surprise,0.4376507103443146,surprise,0.737893283367157
'' What makes you think so.,महाशय भी सोच रहे थेमौत क्या है? ,surprise,0.5117613673210144,surprise,0.7032284736633301
Restitution,प्रत्यानयन,surprise,0.4594910144805908,surprise,0.483837753534317
The latter was published in the name of Veluri Sivarama Sastry; a student of theirs.,वे वेलूरि शिवराम शास्त्री के नाम से प्रकाशित हुए। ,surprise,0.4360100328922272,love,0.37313327193260193
Apex Level,शीर्ष स्तर,surprise,0.4976996183395386,surprise,0.5136624574661255
Depth:,गहराईः,surprise,0.46019160747528076,surprise,0.34686678647994995
Signing is not supported by this cipher,हस्ताक्षर इस सिफर के द्वारा समर्थित नहीं है,surprise,0.5781160593032837,surprise,0.8391864895820618
"It is no more than a suggestion, but it is worth pondering.","यह केवल एक सुझाव मात्र था, किंतु है यह विचारणीय। ",surprise,0.9749547839164734,surprise,0.8973443508148193
crisis,आपत्,surprise,0.5600939393043518,surprise,0.8544222116470337
The State also has two major river systems - Mahanadi and Godawari and their tributaries that form a network of 3573 kms.,"राज्य में दो मुख्य नदी तंत्र भी हैं, महानदी तथा गोदावरी और उनकी सहायक नदियां जो 3573 कि. मी. के नेटवर्क का निर्माण करती हैं। ",joy,0.253640353679657,surprise,0.36108139157295227
"Besides women members of the family, almost all the household articles come within its scope.",दायरे में परिवार की स्त्रियों से लेकर सभी घरेलू सामान तक आ जाते हैं। ,surprise,0.3003733158111572,surprise,0.2363707274198532
We have to attract meritorious students for doing PhD.,हमें पी-एच. डी. करने के लिए मेधावी विद्यार्थियों को आर्कषत करना होगा। ,surprise,0.4467103183269501,joy,0.3431277275085449
"So obviously if you have some energy, you do some work,","तो जाहिर है यदि आप कुछ ऊर्जा है, तो आपको कुछ ऐसा काम, ",joy,0.502378523349762,joy,0.4648183286190033
urban blocks,शहरी खण्ड,surprise,0.4617575407028198,surprise,0.3803873360157013
It is a device made for scanning photographic film directly into a computer without the use of any intermediate printmaking.,यह एक तंत्र है जो बिना किसी बीच के मुद्रण वाले तंत्र के कंप्यूटर में सीधे छायाचित्रों वाली फिल्म को स्कैन करने के लिए बनाया गया है। ,surprise,0.3012852668762207,surprise,0.7540003061294556
Using ocrad binary:,ओसीआरएडी द्विचर उपयोग मेंः,surprise,0.4830368757247925,surprise,0.4203502833843231
"Any narrow definition of democracy, which tries to ignore realities, can only mean the growth of political ideas which are anti - democratic.","लोकतंत्र की किसी संकीर्ण परिभाषा से, जो यथार्थ स्थिति की अनदेखी करती है, केवल यही नतीजा निकलेगा कि लोकतंत्र-विरोधी राजनैतिक विचार पनपेंगे। ",surprise,0.7081209421157837,surprise,0.5504919290542603
Of his sin will be questioned that Day neither man nor jinn.,तो उस दिन न तो किसी इन्सान से उसके गुनाह के बारे में पूछा जाएगा न किसी जिन से,surprise,0.6364712715148926,surprise,0.5428710579872131
"The male is similar to the female illustrated but has a gorget of two, more or less black bands complete instead of a single one slightly broken in the middle.","नर वैसे तो मादा जैसा होता है देखिए चित्र लेनि उसके गले में एक लड़ के बजाय दो या अधिक लड़ों की, बीच में टूटी, मनका सी होती हैं। ",surprise,0.41462773084640503,sadness,0.38218289613723755
"The Path of Allah, to whom belongs all that is in the heavens and all that is in the earth. Surely, to Allah all things return.",(यानि) उसका रास्ता कि जो आसमानों में है और जो कुछ ज़मीन में है (ग़रज़ सब कुछ) उसी का है सुन रखो सब काम ख़ुदा ही की तरफ रूजू होंगे और वही फैसला करेगा,surprise,0.49208927154541016,surprise,0.39478355646133423
"Similarly, there are a few 'white dwarfs' below the main sequence.",इसी प्रकार मुख्य अनुक्रम के नीचे कुछ सफेद बौने भी हैं। ,surprise,0.2762572765350342,surprise,0.5954561829566956
Other Address Label,अन्य पता लेबल,surprise,0.5692300200462341,surprise,0.7541530132293701
constant demand,स्थिर मांग,surprise,0.5394414663314819,sadness,0.7665442824363708
garbage can,कचरा डब्बा,surprise,0.5964770913124084,surprise,0.5647820234298706
Select Character,अक्षर चुनें,surprise,0.6508153080940247,surprise,0.502400279045105
Offset,ऑफसेट,surprise,0.5567593574523926,surprise,0.664213240146637
So which of the favors of your Lord would you deny?,अतः तुम दोनों अपने रब की अनुकम्पाओं में से किस-किस को झुठलाओगे? ,surprise,0.6866055130958557,surprise,0.4602862298488617
scent,गमक,surprise,0.5953510403633118,surprise,0.3842628300189972
The three of them lay down in the shade.,तीनों छाया में लेटे। ,surprise,0.3192365765571594,surprise,0.9261438846588135
1202,१२०२ ,surprise,0.41900959610939026,surprise,0.4637834429740906
"Verily this is an Admonition: therefore, whoso will, let him take a (straight) path to his Lord!",निश्चय ही यह एक अनुस्मृति है। अब जो चाहे अपने रब की ओर मार्ग ग्रहण कर ले,surprise,0.9245400428771973,surprise,0.6877763867378235
Here hs wears no garb of a Mumal or a Sasui or a Lila or a Nuri but reveals himself without any symbolic cover as a seeker of Truth and man of realisation.,"यहाँ वे मूमल या ससुई या लीला या नूरी के वेष में धारण नहीं करते और अपने को, किसी अभिव्यंजित करते हैं। ",surprise,0.7150179743766785,surprise,0.8293076157569885
"He said, ""Did you see when we retired to the rock? Indeed, I forgot [there] the fish. And none made me forget it except Satan - that I should mention it. And it took its course into the sea amazingly"".","उसने कहा, ""ज़रा देखिए तो सही, जब हम उस चट्टान के पास ठहरे हुए थे तो मैं मछली को भूल ही गया-और शैतान ही ने उसको याद रखने से मुझे ग़ाफ़िल कर दिया-और उसने आश्चर्य रूप से दरिया में अपनी राह ली।"" ",fear,0.5392324328422546,fear,0.3355591893196106
campus,परिसर,surprise,0.5619681477546692,surprise,0.7694715857505798
_ Timeout:,समय समाप्त (_ T): ,surprise,0.4142530560493469,surprise,0.4367254674434662
Oruro,ओरुरोbolivia. kgm,surprise,0.7710513472557068,surprise,0.3210291862487793
white book,श्वेतपत्र,surprise,0.41760382056236267,surprise,0.3635198175907135
He said that tremendous responsibilities would be entrusted on their shoulders at a very young age in civil services.,उन्होंने कहा कि सिविल सेवा में इतनी अल्पायु में उनके कंधों पर भारी जिम्मेदारी डाली जाएगी।,surprise,0.45941030979156494,surprise,0.8171682953834534
"Department of Administrative Reforms and Public Grievances (DARPG), the administrative department for CPGRAMS has prescribed guidelines with respect to disposal of Public grievances.","प्रशासनिक सुधार और लोक शिकायत विभाग (DARPG), जो CPGRAMS का प्रशासनिक विभाग है, उन्होंने लोक शिकायतों के निपटान के लिए दिशानिर्देश निर्धारित किए हैं।",surprise,0.33876875042915344,sadness,0.4585895538330078
"The poor also are willing to make, and do make, smart decisions,","गरीब भी बढिया फ़ैसले लेना चाहते हैं, ",surprise,0.3434549868106842,surprise,0.4815881550312042
I think that is a serious thing because it means that a poor person may not be able to contest elections.,मैं समझती हूं कि यह एक गम्भीर मसला है क्योंकि इसका अर्थ यह हुआ कि गरीब आदमी चुनाव नहीं लड़ सकता। ,surprise,0.9782422780990601,surprise,0.8691022992134094
"And when they (Jews) meet those who believe (Muslims), they say, ""We believe"", but when they meet one another in private, they say, ""Shall you (Jews) tell them (Muslims) what Allah has revealed to you [Jews, about the description and the qualities of Prophet Muhammad Peace be upon him, that which are written in the Taurat (Torah)], that they (Muslims) may argue with you (Jews) about it before your Lord?"" Have you (Jews) then no understanding?","और जब वे ईमान लानेवाले से मिलते है तो कहते हैं, ""हम भी ईमान रखते हैं"", और जब आपस में एक-दूसरे से एकान्त में मिलते है तो कहते है, ""क्या तुम उन्हें वे बातें, जो अल्लाह ने तुम पर खोली, बता देते हो कि वे उनके द्वारा तुम्हारे रब के यहाँ हुज्जत में तुम्हारा मुक़ाबिला करें? तो क्या तुम समझते नहीं!"" ",surprise,0.603679358959198,love,0.3662927448749542
Surxondaryo,सोन्द्रियोitalyprovince. kgm,surprise,0.8586333990097046,sadness,0.7699586153030396
familiar with them.,उन लोगों के साथ परिचित। ,joy,0.2323724925518036,surprise,0.4131704568862915
"Khayalistan popularised the new genre called Adab - i - Lateef, which was originally the translation of Light Literature.",यह मूल रूप में हलके-फुलके साहित्य का अनुवाद था। ,surprise,0.5090155601501465,surprise,0.8954387903213501
Couldn 't access trash.,रद्दी पर पंहुच नहीं सका. ,surprise,0.5501470565795898,sadness,0.6319352984428406
America / Tijuana,अमेरिका/तिजुआना,surprise,0.4204026460647583,surprise,0.5166657567024231
abandonment of claim,दावे का परित्याग,surprise,0.6133328080177307,surprise,0.500265896320343
The local officials even used their discretion in protecting the rights of the wild tribes inhabiting these lands.,स्थानीय अधिकारी भी इस प्रकार की भूमि के निवासी जनजातियों के अधिकारों की रक्षा में अपनी इच्छानुसार व्यवहार करते थे। ,surprise,0.4673546552658081,sadness,0.5968183279037476
Mauve,Mauve,surprise,0.3479214310646057,surprise,0.3479214310646057
"In recent years, both India and Mexico have emerged as dynamic economies.","हाल के वर्षों में, भारत और मैक्सिको दोनों गतिशील अर्थव्यवस्थाओं के रूप में उभरे हैं।",surprise,0.2590421736240387,surprise,0.8193841576576233
Enter Hell now to abide in it. How woeful is the abode of those who wax proud!,"अब जहन्नुम के दरवाज़े में दाख़िल हो जाओ (और) हमेशा उसी में (पड़े) रहो, ग़रज़ तकब्बुर करने वालों का भी (क्या) बुरा ठिकाना है",surprise,0.5180180668830872,surprise,0.3064922094345093
"Say: 'Come, I will recite what your Lord has forbidden you: that you associate not anything with Him, and to be good to your parents, and not to slay your children because of poverty; We will provide you and them and that you approach not any indecency outward or inward, and that you slay not the soul God has forbidden, except by right. That then He has charged you with; haply you will understand.","कह दो, ""आओ, मैं तुम्हें सुनाऊँ कि तुम्हारे रब ने तुम्हारे ऊपर क्या पाबन्दियाँ लगाई हैः यह कि किसी चीज़ को उसका साझीदार न ठहराओ और माँ-बाप के साथ सद्व्य वहार करो और निर्धनता के कारण अपनी सन्तान की हत्या न करो; हम तुम्हें भी रोज़ी देते है और उन्हें भी। और अश्लील बातों के निकट न जाओ, चाहे वे खुली हुई हों या छिपी हुई हो। और किसी जीव की, जिसे अल्लाह ने आदरणीय ठहराया है, हत्या न करो। यह और बात है कि हक़ के लिए ऐसा करना पड़े। ये बाते है, जिनकी ताकीद उसने तुम्हें की है, शायद कि तुम बुद्धि से काम लो। ",love,0.6348897814750671,surprise,0.2823364734649658
An SCA would be identified for one or more districts (one district would cover 100 - 200 CSCs).,प्रथम स्तर पर ग्राम स्तरीय उद्यमी होंगे जो 5-6 गाँव के ग्रामीण उपभोक्ताओं को एक स्थान पर (लेकिन तमिलनाडु सरकार ने प्रत्येक 3 गाँव के लिए 1 साझा सेवा केन्द्र स्थापना की योजना बनायी है) सेवाएँ उपलब्ध करायेगी। ,surprise,0.5013787746429443,surprise,0.36682552099227905
"Similar programmes exist for writers, artists, grass root innovators, NIT students and inspired teachers.","ऐसे ही कार्यक्रम लेखकों, कलाकारों, बुनियादी नवान्वेषकों, राष्ट्रीय प्रौद्योगिकी संस्थानों के विद्यार्थियों तथा प्रेरित अध्यापकों के लिए विद्यमान हैं।",surprise,0.32594215869903564,surprise,0.4834907054901123
"It is true that Iswarchandra opposed some of the social reforms of the day like widow remarriage, but he was not opposed to any and every progressive measure as such.","यह सच है कि, ईश्वरचन्द्र गुप्त ने उस समय विधवा पुनर्विवाह जैसे कुछ सामाजिक सुधारों का विरोध किया, लेकिन किसी खास या सभी प्रगतिशील कदमों से उनकी विरोध न था। ",surprise,0.5042093396186829,joy,0.4382016062736511
panda,पाँडा बिल्ली,surprise,0.4254947006702423,surprise,0.37968188524246216
Highest; at the very top; uppermost.,उच्चतम; सबसे ऊपर का; ऊपरवाला. ,surprise,0.41550183296203613,surprise,0.45791950821876526
Nicolas Léonard Sadi Carnot,सादी कार्नो ,sadness,0.9436911344528198,sadness,0.778045117855072
05 minutes,05 मिनट,surprise,0.38402125239372253,surprise,0.39732855558395386
"I do hope that, as you said, we shall contest every Muslim seat.","जैसा कि आपने कहा है, मुझे पूरी आशा है कि हम हर मुस्लिम बैठक के लिए लडेंगे। ",joy,0.25937420129776,surprise,0.8788812160491943
“And wait – we too are waiting. ”,"तुम भी प्रतीक्षा करो, हम भी प्रतीक्षा कर रहे है। """,surprise,0.7387962341308594,anger,0.33544567227363586
"When disturbed or alarmed, this beetle explodes a malodorous and caustic volatile liquid, with a loud report, from its anal end and makes good its escape, leaving behind an utterly confused enemy, overcome by acrid fumes.",छेड़े जाने या डराए जाने पर यह भृंग अपनी गुदा के सिरे से एक दुर्गंधयुक्त और दाहक वाष्पशील द्रव जोरदार धमाके से निकालता है और भाग निकलता है तथा पीछे रह जाता है तीखे धुएं से पराजित एकदम भ्रमित शत्रु। ,surprise,0.8848006129264832,fear,0.6543890833854675
"When Shekhar came back that evening, she reported to him all about her futile exercise.",शाम को शेखर के लौटने पर उसने सुबह का अपना अनभव बयान किया। ,surprise,0.5246966481208801,surprise,0.9452306628227234
Symbol Database,प्रतीक डेटाबेस,surprise,0.5363016724586487,surprise,0.42617276310920715
analytical study,विश्लेषणात्मक अध्ययन,surprise,0.5958895683288574,surprise,0.7253738045692444
fatuous,ऊटपटाँग,surprise,0.5649368166923523,surprise,0.42908963561058044
"""As for the youth, his parents were people of Faith, and we feared that he would grieve them by obstinate rebellion and ingratitude (to Allah and man).","और रहा वह लड़का, तो उसके माँ-बाप ईमान पर थे। हमें आशंका हुई कि वह सरकशी और कुफ़्र से उन्हें तंग करेगा",fear,0.6626232862472534,surprise,0.9497529864311218
boxing,बॉक्सिंग,surprise,0.6199046969413757,surprise,0.385008305311203
carefree,अचिंत,surprise,0.5340629816055298,surprise,0.6254281997680664
lady finger,भिंडी,surprise,0.42316222190856934,surprise,0.39758363366127014
"Of course, I can and do envisage a State where the police will not be necessary; but whether we shall succeed in realizing it, the future alone will show.","अवश्य ही मैं ऐसे राज्य की कल्पना कर सकता हूं और कता हूं, जिसमें पुलिस की जरूरत नहीं होगीः परन्तु यह कल्पना सफल होगी या नहीं, यह तो भविष्य ही बतायेगा। ",surprise,0.7652653455734253,surprise,0.9603263735771179
"upon those rest blessings and mercy from their Lord, and those - - they are the truly guided.",यही लोग है जिनपर उनके रब की विशेष कृपाएँ है और दयालुता भी; और यही लोग है जो सीधे मार्ग पर हैं,love,0.9600569605827332,joy,0.2958526015281677
bosom,वाम,surprise,0.3876856863498688,surprise,0.42810630798339844
Main memory,मुख्य मेमोरी,surprise,0.35010194778442383,surprise,0.44775307178497314
"but they had to do it like the West, right? Because we are setting up leagues.","लेकिन उन्हें ये सब पाश्चात्य तरीके से करना था, है न? क्योंकि हम लीग की नीव रख रहे थे. ",surprise,0.47592899203300476,surprise,0.9116085767745972
"The whole of the case of the Sind Hindu Sabha is a negation of the principle of democracy, except in so far as joint electorates are demanded.",मिले-जुले चुनाव कराने की मांग के अलावा सिंध हिंदू महासभा का सारा मामला लोकतंत्र के उसूलों के खिलाफ है। ,surprise,0.6891207098960876,surprise,0.6851335167884827
"This might strike you as a strange career move,","यह आपको एक अजीब व्यवसाय लगेगा, ",surprise,0.9925941824913025,surprise,0.9510248303413391
Display iPod properties iPod,विशेषताएँ दिखाएँ,surprise,0.3071500062942505,sadness,0.5599350929260254
shapeless,बेडौल,surprise,0.5566789507865906,surprise,0.5230454206466675
calm,शांत होना,surprise,0.46528682112693787,surprise,0.46686118841171265
"Who avoid the deadly sins, immoral acts, and forgive when they are angered,",और जो लोग बड़े बड़े गुनाहों और बेहयाई की बातों से बचे रहते हैं और ग़ुस्सा आ जाता है तो माफ कर देते हैं,anger,0.9266257882118225,surprise,0.393300861120224
Wrap outgoing text at,बाहर जाने वाले टेक्स्ट को,surprise,0.6785913705825806,joy,0.7889279723167419
kanjirappally,कन्जिरपल्ली,surprise,0.855555534362793,surprise,0.5543102025985718
It was something of a miraculous nature that brought about this marriage.,"शाह लतीफ की शादी कैसे हुई, यह भी एक विस्मयकारी बात है। ",surprise,0.9908499121665955,surprise,0.8279913067817688
"therein calling for every fruit, secure.",वे वहाँ निश्चिन्तता के साथ हर प्रकार के स्वादिष्ट फल मँगवाते होंगे,surprise,0.3360137641429901,surprise,0.5005444884300232
Asia / Anadyr,एशिया/एनाडिर,surprise,0.40873298048973083,surprise,0.39757591485977173
Classification:,वर्गीकरणः,surprise,0.40661096572875977,surprise,0.31941351294517517
A container for putting things in it.,ऐसा पात्र जिसमें सामान रखा जा सके। ,surprise,0.6739509701728821,surprise,0.9657532572746277
"Had We willed, We would have made of you angels to be successors on earth.","और यदि हम चाहते हो तुममें से फ़रिश्ते पैदा कर देते, जो धरती में उत्ताराधिकारी होते",surprise,0.5749305486679077,fear,0.9242334365844727
smallness,छोटापन,surprise,0.6353495121002197,surprise,0.42358076572418213
"If the court finds that the nuisance existed at the date of making the complaint, they will award you the reasonable costs incurred by you in bringing the action against the noise maker.",यदि कोर्ट यह निश्चित करे कि शिकायत करने के दिन शांति भंग की अवस्था विद्यमान थी तो वह आप को शोर करने वाले के विरुद्ध केस करने में हुए खर्च के लिए समुचित लागत दिए जाने का आदेश देगा। ,surprise,0.5375680923461914,surprise,0.45298993587493896
"Perfection is achieved, not when there is nothing more to add, but when there is nothing left to take away.","उत्कृष्टता की सिद्धि तब नहीं होती जब कुछ और जोड़ना या लगाना बाकी नहीं रह जाए, बल्कि तब होती है जब कुछ हटाने के लिये नहीं बचे। ",surprise,0.5316774845123291,sadness,0.6849884986877441
Such items of trade which are not visible but traded.,ऐसे मद जिनका व्यापार तो होता है लेकिन जो दिखाई नहीं देते। ,surprise,0.9157851338386536,surprise,0.8524237871170044
& View Mode,दृश्य मोड (V) ,surprise,0.44878754019737244,sadness,0.6867166757583618
So eight plus eight is sixteen.,तो 8 जमा 8 है 16. ,surprise,0.3571953773498535,surprise,0.37303802371025085
"It is, however, the preliminary stage which posits a bigger challenge for innovators, entrepreneurs, financiers and policy-makers alike.","इसलिए नवान्वेषकों,उद्यमियों, वित्त प्रदाताओं तथा नीति निर्माताओं की शुरुआती बड़ी चुनौती एक जैसी होती है।",surprise,0.7511517405509949,surprise,0.340677410364151
Could not create folder '% s':% s,फ़ोल्डर '% s' निर्मित नहीं कर सकाः% s,surprise,0.3335684835910797,fear,0.5492095351219177
Tigris,दजला नदी,surprise,0.3573327958583832,surprise,0.36441516876220703
It disables / enables the repeated prompts to warn that you are trying to send a message to recipients not entered as mail addresses,यह पुनरावृत्त संवाद को निष्क्रिय/सक्षम करके चेतावनी देता है की आप बिना दर्ज किया डाक पते वाले प्राप्तकर्ताओं को संदेश भेजने की कोशिश कर रहे हैं,surprise,0.9375900030136108,anger,0.28751951456069946
Magnetic disk unit,चुंबकीय चक्रिका एकक,surprise,0.44654160737991333,surprise,0.47512087225914
Initial scale on the Y axis,Y अक्ष पर आरंभिक स्केल,surprise,0.4893204867839813,joy,0.6078320145606995
The state of being sane.,स्वस्थचित्त होने की अवस्था,surprise,0.48283445835113525,sadness,0.5591567158699036
"It is the privilege of Kerala to herald varsha 's arrival into the country, around the first week of June.",जून के पहले सप्ताह में देश में वर्षा के आगमन की शुभ सूचना का संदेशवाहक केरल होता है। ,surprise,0.9750449657440186,sadness,0.6905039548873901
"(1) If the President, on receipt of a report from the Governor of a State or otherwise, is satisfied that a situation has arisen in which the Government of the State cannot be carried on in accordance with the provisions of this Constitution, the President may by Proclamation—","(1) यदि राष्ट्रपति का किसी राज्य के राज्यपाल से प्रतिवेदन मिलने पर या अन्यथा, यह समाधान हो जाता है कि ऐसी स्थिति उत्पन्न हो गई है जिसमें उस राज्य का शासन इस संविधान के उपबंधों के अनुसार नहीं चलाया जा सकता है तो राष्ट्रपति उद्घोषणा द्वारा—",surprise,0.35865285992622375,surprise,0.4204029142856598
Its Interface available in Hindi as well.,इसका इण्टरफेस हिन्दी में भी उपलब्ध है। ,surprise,0.3513917028903961,surprise,0.8352313041687012
"when you can do long - term planning,","तब आप दूरगामी योजनायें बना सकते हैं, ",surprise,0.42802146077156067,joy,0.5376459956169128
Cape May,"केप मेCity name (optional, probably does not need a translation) ",surprise,0.41226664185523987,surprise,0.5736284255981445
"Have you not seen how Allah has created the seven heavens in layers,",क्या तुमने ग़ौर नहीं किया कि ख़ुदा ने सात आसमान ऊपर तलें क्यों कर बनाए,surprise,0.6401422023773193,surprise,0.7584491968154907
construction of worksheds,वर्कशेड निर्माण,surprise,0.7006699442863464,surprise,0.6007132530212402
propneustic,अग्र रंध्री,surprise,0.5218859910964966,anger,0.4491426646709442
"There is need to work together to raise the level of India-Belarus bilateral trade from the existing level of US $ 445 million to reach the US $ 1 billion target by 2018 set by the two sides during the 7th Inter-Governmental Commission meeting in Minsk in September last year. He expressed confidence that the large business delegation accompanying Dr. Myasnikovich, representing various sectors of Belarusian economy, will further augment and diversify bilateral trade and economic relations between the two countries.",विगत वर्ष सितंबर में मिंस्क में 7वीं अन्तर-सरकारी आयोग की बैठक के दौरान दोनों पक्षों द्वारा निर्धारित भारत-बेलारुस द्विपक्षीय व्यापार के 445मिलियन अमरीकी डॉलर के वर्तमान स्तर को 2018 में 1 बिलियन अमरीकी डॉलर तक बढ़ाने के लिए मिलकर कार्य करना होगा। उन्होंने विश्वास व्यक्त किया कि डॉ. मयास्निकोविच के साथ आया बेलारुस अर्थव्यवस्था के विभिन्न क्षेत्रों का प्रतिनिधित्व करने वाला विशाल व्यापार शिष्टमंडल दोनों देशों के द्विपक्षीय व्यापार और आर्थिक संबंधों को और घनिष्ठ एवं विविध बनाएगा।,surprise,0.27066177129745483,surprise,0.3040832579135895
Specify session management ID,सत्र प्रबंधन ID निर्दिष्ट करें,surprise,0.32979828119277954,surprise,0.3629579544067383
"When the angels take away from their bodies the souls of those who have wronged themselves, they will ask them, ""How did you live?"" They will reply, ""We lived on earth in weakness and oppression."" The angels will say, ""Was not God 's land vast enough for you to go wherever you could live in peace?"" The dwelling of these people will be hell fire, a terrible destination.",बेशक जिन लोगों की क़ब्जे रूह फ़रिश्ते ने उस वक़त की है कि (दारूल हरब में पड़े) अपनी जानों पर ज़ुल्म कर रहे थे और फ़रिश्ते कब्जे रूह के बाद हैरत से कहते हैं तुम किस (हालत) ग़फ़लत में थे तो वह (माज़ेरत के लहजे में) कहते है कि हम तो रूए ज़मीन में बेकस थे तो फ़रिश्ते कहते हैं कि ख़ुदा की (ऐसी लम्बी चौड़ी) ज़मीन में इतनी सी गुन्जाइश न थी कि तुम (कहीं) हिजरत करके चले जाते पस ऐसे लोगों का ठिकाना जहन्नुम है और वह बुरा ठिकाना है,surprise,0.4831177890300751,surprise,0.25437507033348083
"The horse is a herbivorous animal, but does not ruminate like a cow or camel.","घोड़ा तृण भक्षी जानवर है, परंतु गाय अथवा ऊंट की तरह यह जुगाली नहीं करता. ",surprise,0.2957829535007477,surprise,0.8016220331192017
"Well, it 's no wonder, these days.'",इन दिनों क्या कुछ नहीं हो सकता। ,surprise,0.43832337856292725,surprise,0.8461002707481384
"The most esteemed writers and critics of Bengal in the 19th - 20th centuries have expressed their appreciation of the Gita - govinda, but they have been all reasonable, and their praise has been within limits unless they were believing or devout Vaishnavas of the medieval school.",19वीं-20वीं सदी के बंगाल के सर्वाधिक सम्मानित लेखकों एवं समीक्षकों ने गीत-गोविंद का अपना मूल्यांकन दिया है लेकिन वे सभी तर्कसम्मत रहे हैं और उनकी प्रशंसाएं एक सीमा के अंतर्गत रही हैं। ,surprise,0.5555639266967773,surprise,0.38974565267562866
"Smt. Savita Mahajan did her Graduation in Economics from Delhi University followed by Masters in Business Administration from the Indian Institute of Management, Ahmedabad, in 1981.","दिल्ली विश्वविद्यालय से अर्थशास्त्र में अन्डर-ग्रेजुएट की डिग्री लेने के बाद उन्होनें इंडियन स्कूल ऑफ मैनेजमेनट, अहमदाबाद से 1981 में एमबीए किया। ",surprise,0.3312020003795624,anger,0.4510501027107239
In April 1854 he was given the powers of a Junior Assistant under the Assam Code and the powers of a Sadar Amin and of Deputy Collector.,1854 में असम कोड के अन्तर्गत उन्हें जूनियर एसिस्टेंट के अधिकार दिये गये। ,surprise,0.301582008600235,surprise,0.47351253032684326
Such people will dwell in hell fire from which they will not be able to escape.,यही तो वह लोग हैं जिनका ठिकाना बस जहन्नुम है और वहॉ से भागने की जगह भी न पाएंगे,sadness,0.4764491021633148,surprise,0.6662170886993408
heart,आसंग,love,0.7370699048042297,surprise,0.6737988591194153
Surdas,सूरदास (हिंदीकुंज में) ,surprise,0.583470344543457,sadness,0.6835164427757263
And one day - I don 't know what happened -,और एक दिन-ना जाने क्या हुआ कि-,surprise,0.9576835632324219,surprise,0.7958623766899109
And He found you poor and made [you] self - sufficient.,और तुम्हें निर्धन पाया तो समृद्ध कर दिया? ,surprise,0.3553989827632904,surprise,0.5283235311508179
"Whether you seek a holiday of rest and recreation or a lot of action - water sports, swimming, sightseeing, Junput beach is always high on the list of tourists.","यदि आप आराम और मनोरंजन के साथ अपना अवकाश बिताना चाहते हैं या आप अत्यंत सक्रिय जल क्रीड़ाएं, तैराकी, दर्शनीय स्थलों की यात्रा करना चाहते हैं तो जुनपुट तट पर्यटकों की सूची में हमेशा ऊपर है। ",surprise,0.4505934715270996,anger,0.27666887640953064
sty,अंजना,surprise,0.45014283061027527,surprise,0.4405367970466614
Aki,Name,surprise,0.44040805101394653,surprise,0.5297083854675293
bar,शराबख़ाना,surprise,0.5325790047645569,surprise,0.8021067380905151
The Romans have been defeated.,रूमी निकटवर्ती क्षेत्र में पराभूत हो गए हैं। ,surprise,0.4335426390171051,surprise,0.30844947695732117
During the days of non - cooperation a number of Arabic and Persian terms were created to indicate passive resistance.,असहयोग के दिनों में अनेक अरबी और फारसी शब्द पैदा किये गये थे जो निष्क्रिय प्रतिरोध को प्रकट करते थे। ,surprise,0.41474586725234985,surprise,0.48273611068725586
Category: Architecture,श्रेणीःस्थापत्य,surprise,0.5835012793540955,sadness,0.5379197001457214
Offline —% s,ऑफ़लाइन —% s,surprise,0.4179171025753021,surprise,0.4646647870540619
"For wholesale marketing, the fish can be packed in polythene lined gunny bags.",थोक बिक्री के लिए इसे पोलिथिन लाइन्ड गन्नी बैगों में पैक किया जा सकता है। ,surprise,0.3000507950782776,surprise,0.9280824065208435
Member left Пользователь покинул сеть,nan,surprise,0.5336923599243164,surprise,0.4396469295024872
Water,वाटर,surprise,0.5900595188140869,surprise,0.6380885243415833
Select all replies to the currently selected message,मौजूदा चयनित संदेश में सभी जवाबों को चुनें,surprise,0.5122085213661194,joy,0.38830986618995667
% s has proposed the following meeting changes:,% s ने बैठक परिवर्तन को प्रस्तावित किया गया हैः,surprise,0.37055203318595886,surprise,0.5079094171524048
uncounted,असङ्ख्य,surprise,0.9236517548561096,surprise,0.755355954170227
"(4) The transfer of a case under sub-section (1) or sub-section (2) may be made at any stage of the proceedings, and shall not render necessary the re-issue of any notice already issued by the Assessing Officer or Assessing Officers from whom the case is transferred.",(4) उपधारा (1) या उपधारा (2) के अधीन किसी मामले का अंतरण कार्यवाहियों के किसी भी प्रक्रम पर किया जा सकेगा और ऐसी सूचना का पुनः जारी किया जाना आवश्यक नहीं बनाएगा जो उस निर्धारण अधिकारी या उन निर्धारण अधिकारियों द्वारा जिनसे मामला अन्तरित किया जाता है पहले ही जारी की जा चुकी है।,surprise,0.3161413371562958,surprise,0.4621056914329529
Show Run Application dialog,रन अनुप्रयोग संवाद दिखाएँ,surprise,0.335227370262146,anger,0.2407335340976715
Place means to import a file into another file.,रखने का अर्थ होता है कि एक संचिका को अन्य संचिका में से ले कर रखना। ,surprise,0.6082525253295898,surprise,0.96275794506073
"And for their faithlessness, and their uttering a monstrous calumny against Mary,",और उनके काफ़िर होने और मरियम पर बहुत बड़ा बोहतान बॉधने कि वजह से,fear,0.42679280042648315,fear,0.8773770332336426
In 1850 Phukan was Sub - Assistant equal to an E. A. C. of today for three months in Now - gong and for some tune in Gowalpara.,1850 में फूकन तीन महीने के लिए नवगाँव और कुछ समय के लिए ग्वालपाड़ा के सब-एसिस्टेंट बने। ,surprise,0.45119306445121765,surprise,0.43452176451683044
A genus belonging to nematode worms inclusing the whipworms,गोल कृमियो की एक प्रजाति जिसके अंतर्गत कशाकृमि भी आते है। ,anger,0.22483797371387482,surprise,0.3364951014518738
Add a breakpoint,कोई ब्रेकपाइंट जोड़ें,surprise,0.4927021563053131,surprise,0.5889848470687866
Feel like to be affected with nausea.,मितली से प्रभावित अनुभव होना,surprise,0.32360997796058655,love,0.2515527904033661
"Whereas other political formations like the Congress and the BJP manage to combine factional disputes with a semblance of common purpose, the instinctive response of socialists to any disagreement and tactical differences is to split.","जहां कांग्रेस और भाजपा जैसे दूसरे राजनैतिक दल अपने गुटीय ज्ह्गड़ें को साज्ह उद्देश्य के आवरण में छिपा लेते हैं, वहीं परस्पर किसी प्रकार की असहमति और रणनीतिक मतभेद होने पर समाजवादी अपनी ड़ेढे ईंट की अलग मस्जिद खड़ी कर लेते हैं. ",surprise,0.4736131429672241,love,0.3321411609649658
"We took from the Prophets their covenant and from you (Prophet Muhammad), from Noah and Abraham, from Moses and Jesus the son of Mary. We took a solemn covenant from them,","और याद करो जब हमने नबियों से वचन लिया, तुमसे भी और नूह और इबराहीम और मूसा और मरयम के बेटे ईसा से भी। इन सबसे हमने ढृढ़ वचन लिया, ",surprise,0.4042106568813324,surprise,0.647345244884491
Still collecting data - check back after a week has passed!,अभी भी आँकड़ा जमा कर रहा है-फिर जाँचें एक सप्ताह बीतने के बाद! ,surprise,0.4703485369682312,fear,0.7795462012290955
Sugarcane development,गन्ना विकास,surprise,0.5857172012329102,surprise,0.4023840129375458
Erection angle,स्तंभन कोण,surprise,0.4591540992259979,surprise,0.47111427783966064
Your names,"रविशंकर श्रीवास्तव, जी. करूणाकरEMAIL OF TRANSLATORS",surprise,0.42532971501350403,surprise,0.49989649653434753
The backend for this address book refused to perform this query.% s,इस पता पुस्तिका के लिए बैकेंड यह प्रश्न करने से मना किया. ,surprise,0.7236697673797607,surprise,0.8819852471351624
India has one of the largest 'Higher Education' system in the world.,भारत के पास विश्व में सबसे बड़ी उच्च शिक्षा प्रणाली है। ,surprise,0.35681408643722534,fear,0.34310826659202576
"The petitioner submits that after the birth of their daughter, her husband asked her to stay permanently with him along with their daughter and called upon her to resign from service.","याची प्रस्तुत करती हैं कि उनकी बेटी के जन्म के बाद उनके पति ने उन्हें स्थायी रूप से, उनकी बेटी के साथ, उनके साथ रहने के लिए कहा और उनसे सेवा से इस्तीफा देने की मांग की. ",surprise,0.22511740028858185,surprise,0.7198797464370728
"The third exception to the general rule of equality of opportunity in public employment is contained in clause 5 of article 16 which provides that a law may prescribe that the incumbent of an office in connection with the affairs of a religious or denominational institution, or a member of the governing body thereof shall belong to the particular religion or denomination.",लोक नियोजन में अवसर की समानता के सामान्य नियम का चौथा अपवाद अनुच्छेद 16 के खंड (5) में दिया गया है जिसमें उपबंध किया गया है कि विधि विहित कर सकती है कि किसी धार्मिक या सांप्रदायिक संस्था के कार्य से संबंधित कोई पदधारी या उसके शासी निकाय का कोई सदस्य किसी विशिष्ट धर्म का मानने वाला या विशिष्ट संप्रदाय का ही हो. ,surprise,0.3283170163631439,surprise,0.49551159143447876
- Special report: Analysis of impact of terrorism on European Union. -,विशेष रिपोर्ट आतंकवाद पर यूरोपीय संघ में पर यूरोपीय संघ का विश्लेषण,surprise,0.39856991171836853,surprise,0.3700033128261566
Paul!,पॉल! ,surprise,0.4641452729701996,surprise,0.4023359715938568
Proxy login as & quot; {0} quot; was unsuccessful. Please check your email address and try again.,बतौर & quot; {0} quot; प्रॉक्सी लॉगिन असफल था. कृपया अपना ईमेल पता जाँचें और फिर कोशिश करें. ,surprise,0.35166555643081665,fear,0.8865094184875488
"As we have seen earlier, the peasants formed the backbone of the civil rebellions which were often led by zamindars and petty chieftains.",जैसा कि हमने पहले ही देखा; जमींदारों और छोटे सरदारों के नेतृत्व में होने वाले नागरिक विद्रोहों के आधार स्तंभ किसान ही थे। ,anger,0.30908700823783875,fear,0.32763299345970154
"Disappointed, Nandriya was about to turn away and return to his troop when he saw something black visible above the level of the water about half - way between the bank and the island.","हतोत्साह होकर नंदिय लौट कर अपने दल में वापस जाने की सोच ही रहा था कि उसे द्वीप और नदी के किनारे के बीच, पानी के ऊपर कोई काली-सी चीज नजर आयी। ",surprise,0.4867123067378998,sadness,0.8577384352684021
The Government will push ahead with this improvement.,सरकार सुधार के इस क्रम को और आगे बढ़ाने के लिए प्रयास करेगी। ,surprise,0.36717095971107483,anger,0.48168933391571045
Calculation of pension,पेंशन की गणना,surprise,0.50382399559021,surprise,0.4705951511859894
". - Pushcart: This position is for very powerful people with stamina. In this, the man standing behind the lady who is lying on her stomach lifts her by her feet, and the woman lifts her body with the support of her palms. After this the man spreads the woman 's legs with his hands, gets in between her thighs and slowly - slowly brings his hands near to the thighs of the woman and supporting her body near the thighs with his hands, begins the process of entry. -",ठेला गाड़ीः यह पोजीशन काफी मजबूत व दमदार लोगों के लिये है. इसमें पेट के बल लेटी महिला के पीछे खड़े होकर पुरुष महिला के पांव पकड़ कर उठा लेता है फिर महिला अपने हाथों के सहारे अपने शरीर को उठा लेती है. इसके बाद पुरुष अपने हाथों से पैरों को फैला कर महिला की जांघों के बीच घुस जाता है और धीरे-धीरे हाथों के जांघों के निकट लाकर जांघों के पास हाथ से महिला के शरीर को सहारा देते हुए प्रवेश क्रिया शुरू करता है. ,surprise,0.5032734870910645,surprise,0.309588223695755
green groceries,फल-सब्जी,surprise,0.5486946702003479,joy,0.553277313709259
hoodoo,दुर्भाग्य,surprise,0.4858154058456421,joy,0.690207302570343
Account disconnected,खाता डिस्कनेक्टेड,surprise,0.4162738621234894,sadness,0.5233838558197021
Absorption property is mainly used for set theory or for a Boolean algebra.,अवशोषण गुणधर्म का इस्तेमाल मुख्यतया समुच्चय सिद्धांत या बूलियन बीजगणित के लिए किया जाता है। ,surprise,0.4269636571407318,surprise,0.8644681572914124
Govinda III,गोविंदा तृतीय,surprise,0.5267000794410706,surprise,0.34062716364860535
"The young cockroaches leave the mother only after one or two moultings, when they are able to fend for themselves.",तरूण तिलचट्टे एक या दो निर्मोक के बाद जब स्वयं अपना बचाव कर सकने लायक बन जाते हैं तभी मां को छोड़ते हैं. ,surprise,0.2967022657394409,surprise,0.8703789114952087
Greek Grade 1,यूनानी ग्रेड 1,surprise,0.34613341093063354,surprise,0.5910444259643555
After all continuous product Innovation has been a way of life for us.,उत्पादों का अनवरत विकास हमारे लिए जीवन का एक तरीका है। ,joy,0.5949574112892151,surprise,0.42270007729530334
concealing,पर्दा,surprise,0.6819639205932617,surprise,0.6867910027503967
The expansion being observed in the rectum.,मलाशय में पाया जाने वाला विस्तार. ,surprise,0.5928294658660889,joy,0.5909849405288696
Cartesian Coordinates,कार्टेसियन निर्देशांक,surprise,0.4373820126056671,sadness,0.6002432703971863
It is necessary to recognise this cardinal aspect of their political faith to understand in proper perspective many things that Dwarkanath was to do and say later.,"द्वारकानाथ ने बाद में जो कुछ किया और कहा, उसको सही परिप्रेक्ष्य में रख कर समझने के लिए उनके राजनीतिक विश्वास के इस मूलभूत पहलू को जानना अत्यंत जरूरी है। ",surprise,0.577292263507843,surprise,0.5802384614944458
"(c)  ""urban infrastructure"" means a project for providing potable water supply, sanitation and sewerage, drainage, solid waste management, roads, bridges and flyovers or urban transport;","(ग) ''शहरी अवसंरचना'' से पेयजल आपूर्ति, स्वच्छता और मल व्ययन, जल निकास, ठोस अपशिष्ट प्रबंधन, सड़क, पुल और ऊपरोगामी पुल या शहरी परिवहन की व्यवस्था के लिए कोर्इ परियोजना अभिप्रेत है;",surprise,0.4150899648666382,surprise,0.9368393421173096
"They will not harm you except a little hurt. And if they fight against you, they will turn their backs. Then they will not be victorious.","थोड़ा दुख पहुँचाने के अतिरिक्त वे तुम्हारा कुछ भी बिगाड़ नहीं सकते। और यदि वे तुमसे लड़ेंगे, तो तुम्हें पीठ दिखा जाएँगे, फिर उन्हें कोई सहायता भी न मिलेगी",sadness,0.7475980520248413,fear,0.7121408581733704
virtuoso,माहिर,surprise,0.5920186042785645,surprise,0.25695961713790894
rag,फटकारना,surprise,0.4319017231464386,surprise,0.5235714912414551
I was told that many houses had collapsed in the city.,आहिस्ता-आहिस्ता खबर आने लगी कि शहर में बहुत मकान गिरे है। ,surprise,0.41063496470451355,surprise,0.9260786771774292
"Therefore, we are of the opinion that appellant having received the relief she wanted without contest on the basis of the terms of the compromise, we cannot now accept the argument of the learned counsel for the appellant.","इसलिए, हमारी यह राय है कि अपीलार्थी के, समझौते की शर्तों के आधार पर, प्रतिवाद के बिना, वह राहत मिलने पर जो वह चाहती थी, हम अब अपीलार्थी के विद्वत वकील के तर्क को स्वीकार नहीं कर सकते हैं. ",surprise,0.43443846702575684,surprise,0.3997478187084198
So O men and jinns! Which favour of your Lord will you deny?,तो तुम दोनों अपने पालने वाले की किस किस नेअमत को न मानोगे,surprise,0.5585743188858032,surprise,0.5011429786682129
fibre crop,रेशेवाली फसल,surprise,0.5671256184577942,surprise,0.5611680150032043
Qazvin,क्वाजविनiran. kgm,surprise,0.4410313665866852,joy,0.29697033762931824
The farmers were made aware of the technical grade insecticide.,किसानों को विशुद्ध असंरूपित कीटनाशी के बारे में जागरूक किया गया. ,surprise,0.6727457046508789,surprise,0.5856576561927795
originality,नवलता,surprise,0.896248996257782,surprise,0.9742133617401123
Yama,यम देवता,surprise,0.4323543310165405,surprise,0.4531961679458618
I take this opportunity to convey my best wishes for your personal health and well being and for the continued progress and prosperity of the friendly people of Malta.,मैं इस अवसर पर महामहिम को आपके व्यक्तिगत स्वास्थ्य और कुशलता तथा माल्टा की मैत्रीपूर्ण जनता की निरंतर प्रगति एवं समृद्धि के लिए शुभकामनाएं प्रेषित करना चाहूंगा।,surprise,0.5338794589042664,joy,0.32508087158203125
Rama and Krishna are the beloved gods of the people.,राम और कृष्ण इस देश के इष्टदेव हैं। ,love,0.45587092638015747,surprise,0.5120945572853088
The message specified below will be automatically sent to each person who sends mail to you while you are out of the office.,नीचे निर्दिष्ट संदेश उन सभी लोगों को स्वतः भेज दिया जायेगा जिसने आपको कार्यालय से बाहर रहने के दौरान डाक भेजा है. ,surprise,0.3401043713092804,joy,0.3366968631744385
love,प्यारा,love,0.7636862993240356,surprise,0.6713014245033264
tenement,कोठरी,surprise,0.5517182350158691,surprise,0.5009921193122864
It was more of a big library than a house for living in.,आंबेडकर का घर एक बहुत बड़े ग्रंथालय के समान लगता था। ,surprise,0.7013691067695618,surprise,0.8835468292236328
Let 's figure out 1 / 3.,आओ 1/3 निकलते है. ,surprise,0.36965420842170715,surprise,0.5647138357162476
"This it is which Allah announceth unto His bondmen who believe and do good works. Say (O Muhammad, unto mankind): I ask of you no fee therefor, save lovingkindness among kinsfolk. And whoso scoreth a good deed We add unto its good for him. Lo! Allah is Forgiving, Responsive.",यही (ईनाम) है जिसकी ख़ुदा अपने उन बन्दों को ख़ुशख़बरी देता है जो ईमान लाए और नेक काम करते रहे (ऐ रसूल) तुम कह दो कि मैं इस (तबलीग़े रिसालत) का अपने क़रातबदारों (अहले बैत) की मोहब्बत के सिवा तुमसे कोई सिला नहीं मांगता और जो शख़्श नेकी हासिल करेगा हम उसके लिए उसकी ख़ूबी में इज़ाफा कर देंगे बेशक वह बड़ा बख्शने वाला क़दरदान है,love,0.9595875144004822,surprise,0.4857654869556427
Every Minister has the right to speak and take part in the proceedings of either House but he is entitled to vote only in the House of which he is a member.,"प्रत्येक मंत्री को किसी भी सभा में बोलने और उसकी कार्यवाही में भाग लेने का अधिकार होता है, लेकिन वह उसी सभा में मत देने का हकदार होता है जिसका वह सदस्य होता है।",surprise,0.2592019736766815,anger,0.5287478566169739
Imported Folder,आयातित फोल्डर,surprise,0.4448205232620239,fear,0.6467493176460266
exile,देशनिकासन,surprise,0.4722743630409241,sadness,0.5945409536361694
"To every nation a term; when their term comes they shall not delay it by a single hour, nor yet hasten it.","प्रत्येक समुदाय के लिए एक नियत अवधि है। फिर जब उसका नियत समय आ जाता है, तो एक घड़ी भर न पीछे हट सकते है और न आगे बढ़ सकते है",surprise,0.36005857586860657,fear,0.6376446485519409
Optic Disc,अक्षिबिंब,surprise,0.4202191233634949,surprise,0.4876917004585266
The Rann of Kutch Kachchh The Rann of Kutch is one of the most remarkable physical features of India.,कच्छ का रण भारत की एक अत्यधिक उल्लेखनीय प्राकृतिक विशिष्टता है। ,surprise,0.8051803708076477,surprise,0.7987357378005981
In - Process,प्रक्रिया में @item journal is in draft form,surprise,0.5355789661407471,surprise,0.42933204770088196
"Over the years, the sources of electric power have undergone a significant change.",गत वर्षों में बिजली शक़्ति के संसाधनों में भी महत्वपूर्ण परिवर्तन हुए. ,surprise,0.43623676896095276,anger,0.4455212354660034
The relationship of Apu and Aparna is one of the most perfect depictions of love in the cinema.,अपु और अपर्णा का संबंध सिनेमा और सभी कलाओं में प्रेम के सर्वाधिक पूर्ण चित्रणों में से एक है। ,love,0.9544425010681152,surprise,0.5260480046272278
And so Honeyguide had his revenge.,इस तरह मधुसूचक ने अपना बदला ले ही लिया। ,anger,0.9532334208488464,fear,0.5027170777320862
Breaking up of partnership.,साझेदारी की समाप्ति। ,surprise,0.6362821459770203,sadness,0.41590848565101624
"Dream as if you 'll live forever, live as if you' ll die today.","सपने ऐसे देखें मानों आप सदा जीते रहेंगे, और जीएं ऐसे मानो आज का दिन आपके जीवन का आखिरी दिन हो। ",surprise,0.35574015974998474,surprise,0.8887179493904114
It 's his workshop.,यह उनकी दुकान है। ,surprise,0.5735175013542175,surprise,0.8984010815620422
involvement,लांपट्य,surprise,0.5788544416427612,surprise,0.34107160568237305
It is a city in the state of Uttar Pradesh.,यह उत्तर प्रदेश राज्य में स्थित एक शहर है। ,surprise,0.3846965432167053,sadness,0.5617891550064087
anorexia,अरुचि,surprise,0.6489077806472778,surprise,0.6924538612365723
humbly,नम्रतापूर्वक,surprise,0.4986966550350189,surprise,0.6561244130134583
backdated cheque,पूर्व-दिनांकित चैक,surprise,0.3702099621295929,fear,0.4741201102733612
Functional address,कार्यमूलक पता,surprise,0.5064092874526978,surprise,0.2907937169075012
logical,तर्की,anger,0.22149977087974548,surprise,0.7699525952339172
expression as the limit as u approaches 0.,यू के रूप में सीमा के रूप में अभिव्यक्ति 0 दृष्टिकोण। ,surprise,0.4819537401199341,surprise,0.9572595953941345
Any changes in accounting policies and practices.,लेखाकरण नीतियों तथा प्रक्रियाओं में कोई परिवर्तन। ,surprise,0.5800362825393677,surprise,0.34543269872665405
Search the Web for% s,वेब खोजें,surprise,0.36384817957878113,surprise,0.3919466733932495
"Do you not see that Allah knows whatever is in the heavens and whatever is in the earth? Nowhere is there a secret counsel between three persons but He is the fourth of them, nor (between) five but He is the sixth of them, nor less than that nor more but He is with them wheresoever they are; then He will inform them of what they did on the day of resurrection: surely Allah is Cognizant of all things.",क्या तुमको मालूम नहीं कि जो कुछ आसमानों में है और जो कुछ ज़मीन में है (ग़रज़ सब कुछ) ख़ुदा जानता है जब तीन (आदमियों) का ख़ुफिया मशवेरा होता है तो वह (ख़ुद) उनका ज़रूर चौथा है और जब पाँच का मशवेरा होता है तो वह उनका छठा है और उससे कम हो या ज्यादा और चाहे जहाँ कहीं हो वह उनके साथ ज़रूर होता है फिर जो कुछ वह (दुनिया में) करते रहे क़यामत के दिन उनको उससे आगाह कर देगा बेशक ख़ुदा हर चीज़ से ख़ूब वाक़िफ़ है,surprise,0.7822437882423401,surprise,0.31873002648353577
"Calcium (C), magnesium (Mg) and sulphur (S) are called 'secondary nutrients' and are required for plant growth in relatively smaller quantities than the primary nutrients.","कैल्सियम, मैग्नेशियम और सल्फर द्वितीयक पोषक कहलाते हैं और इनकी पौध वृद्धि के लिए प्राथमिक पोषक की तुलना में कम मात्रा में आवश्यकता होती है। ",surprise,0.42246368527412415,surprise,0.3500029444694519
There has been a consistency in the Indian approach.,भारतीय दृष्टिकोण में एक सतत बना रहने वाला तत्व पाया जाता है। ,surprise,0.2784750163555145,fear,0.42449524998664856
As far as Fikah is considered due to different description of many Islamic learned peoples jurisprudence has been divided into many divisions. There has been birth of different jurisprudence due to it.,फिक़ह के मामले में इस्लामी विद्वानों की अलग अलग व्याख्याओं के कारण इस्लाम में न्यायशास्त्र कई भागों में बट गया और कई अलग अलग न्यायशास्त्र से सम्बन्धित विचारधारओं का जन्म हुआ। ,surprise,0.4262404143810272,surprise,0.8088080286979675
"The Arabs of the desert are the worst in Unbelief and hypocrisy, and most fitted to be in ignorance of the command which Allah hath sent down to His Messenger: But Allah is All - knowing, All - Wise.",(ये) अरब के गॅवार देहाती कुफ्र व निफाक़ में बड़े सख्त हैं और इसी क़ाबिल हैं कि जो किताब ख़ुदा ने अपने रसूल पर नाज़िल फरमाई है उसके एहक़ाम न जानें और ख़ुदा तो बड़ा दाना हकीम है,surprise,0.7979750037193298,fear,0.6856852769851685
Bank industrial,औद्योगिक बैंक,surprise,0.5495831966400146,surprise,0.6378089189529419
Auto,स्वतः,surprise,0.6306309700012207,surprise,0.8233332633972168
He is a fundamentalist.,वह एक कट्टरवादी है। ,surprise,0.4080941677093506,surprise,0.8786548972129822
By Al - 'Asr (the time).,नमाज़े अस्र की क़सम,surprise,0.46285000443458557,joy,0.5125724673271179
"And they say, “We have believed in it. ” But how can they attain it from a distant place?","और कहेंगे, ""हम उसपर ईमान ले आए।"" हालाँकि उनके लिए कहाँ सम्भव है कि इतने दूरस्थ स्थान से उसको पास सकें",surprise,0.9486703872680664,surprise,0.9343734979629517
Modelica,मॉड्यूला-2,surprise,0.626613438129425,love,0.29515698552131653
unbendable,अलोल,surprise,0.5187302827835083,surprise,0.4765380620956421
They believed in the transformative power of education and science in building a strong nation.,वे एक सशक्त राष्ट्र के निर्माण में शिक्षा और विज्ञान की परिवर्तनकारी शक्ति में विश्वास करते थे।,surprise,0.6056403517723083,sadness,0.5088022351264954
Copy...,नक़ल... ,surprise,0.22659410536289215,surprise,0.8664443492889404
"If all the trees on earth were pens, filled by the ocean, with seven more oceans besides, the Words of God would not run out. God is Majestic and Wise.","धरती में जितने वृक्ष है, यदि वे क़लम हो जाएँ और समुद्र उसकी स्याही हो जाए, उसके बाद सात और समुद्र हों, तब भी अल्लाह के बोल समाप्त न हो सकेंगे। निस्संदेह अल्लाह अत्यन्त प्रभुत्वशाली, तत्वदर्शी है",surprise,0.6625340580940247,sadness,0.40489840507507324
Do deliver me from this furnace.,अब तो मुझे इस भट्ठी से निकाल लीजिए। ,surprise,0.7325587272644043,surprise,0.9655336737632751
Restoration...,रीस्टोरेशन... ,surprise,0.678628146648407,surprise,0.8404630422592163
unlucky,अरिष्ट,surprise,0.7568846940994263,surprise,0.6952039003372192
"see this symbol, that means the positive square root.","इस तरह का निशान देखते हो, इसका मतलब धनात्मक वर्गमूल से हैं",surprise,0.39601439237594604,sadness,0.6146169900894165
illuminating,द्योतक,surprise,0.6629015803337097,surprise,0.42100393772125244
"The two novels Malancha and CharAdhyay - LRB - both 1934 - RRB -, the drama Bansari - LRB - 1933 - RRB - and two books of verse Parisesh - LRB - 1932 - RRB - and Vichitrita - LRB - 1933 - RRB - have already been referred to earlier.","उनके दो उपन्यासों-? मालंच? और? चार अध्याय? (दोनों 1934 में प्रकाशित), नाटक? बंसरी? (1933) और दो काव्य पुस्तकों-? परिशेष? (1932) और? विचित्रा? (1933) के विषय में तो पहले ही कहा गया है. ",joy,0.24830232560634613,surprise,0.378332257270813
"Ravana, who was the author of nada,",नाद का रचयिता रावण था. ,surprise,0.9023091197013855,surprise,0.8011346459388733
God has certainly heard the words of the woman who disputed with you about her husband and who (after not having received a favorable response from you) complained to God. God was listening to your argument. He is All - hearing and All - aware.,ऐ रसूल जो औरत (ख़ुला) तुमसे अपने शौहर (उस) के बारे में तुमसे झगड़ती और ख़ुदा से गिले शिकवे करती है ख़ुदा ने उसकी बात सुन ली और ख़ुदा तुम दोनों की ग़ुफ्तगू सुन रहा है बेशक ख़ुदा बड़ा सुनने वाला देखने वाला है,anger,0.9035316109657288,love,0.638472855091095
Who brought him here?,इसे यहां कौन लाया है? ,surprise,0.9499033689498901,love,0.4977216422557831
It comes from the blood of the poorest.,वह देशके गरीबसे गरीब लोगोके खूनसे आता है। ,surprise,0.6040514707565308,surprise,0.625339686870575
impoverishment,दारिद्रय,surprise,0.5150412917137146,surprise,0.2842263877391815
The name of the directory is not set.,निर्देशिका का नाम सेट नहीं है. ,surprise,0.5291271209716797,surprise,0.5283657908439636
"A bolder venture because of the modernity of the plays chosen was by Soumitra Chatterjee, a leading star of Bengali cinema.","उनके माध्यम से नाटककार एक अनैतिक, आत्महीन समाज में अन्य संक्रामित मध्यम वर्ग की विकट परिस्थिति का चित्रण करता हैं। ",surprise,0.8299263119697571,surprise,0.45313724875450134
"And actually, try it the other way around, and you 'll see that","और वास्तव में, यह दूसरी तरह के आसपास की कोशिश करो, और आप देखेंगे कि",surprise,0.7423880100250244,surprise,0.7963967323303223
tusseh,कौशकेय,surprise,0.7745104432106018,surprise,0.9544489979743958
"And to Thamud [We sent] Salih, their brother. He said, ‘O my people! Worship Allah. You have no other god besides Him. He brought you forth from the earth and made it your habitation. So plead with Him for forgiveness, then turn to Him penitently. My Lord is indeed nearmost responsive. ’","समूद को और उसके भाई सालेह को भेजा। उसने कहा, ""ऐ मेरी क़़ौम के लोगों! अल्लाह की बन्दगी करो। उसके सिवा तुम्हारा कोई अन्य पूज्य-प्रभु नहीं। उसी ने तुम्हें धरती से पैदा किया और उसमें तुम्हें बसायाय़ अतः उससे क्षमा माँगो; फिर उसकी ओर पलट आओ। निस्संदेह मेरा रब निकट है, प्रार्थनाओं को स्वीकार करनेवाला भी।"" ",love,0.8125464916229248,love,0.3629022240638733
"O ye who believe! When the call is proclaimed to prayer on Friday (the Day of Assembly), hasten earnestly to the Remembrance of Allah, and leave off business (and traffic): That is best for you if ye but knew!","ऐ ईमान लानेवालो, जब जुमा के दिन नमाज़ के लिए पुकारा जाए तो अल्लाह की याद की ओर दौड़ पड़ो और क्रय-विक्रय छोड़ दो। यह तुम्हारे लिए अच्छा है, यदि तुम जानो",surprise,0.8851853013038635,surprise,0.38648441433906555
laxminarayanan,लक्ष्मीनारायण,surprise,0.4525119662284851,surprise,0.7241670489311218
Your emails,raviratlami @aol. in,surprise,0.5008242130279541,surprise,0.7276211977005005
Color Balance,रंग संतुलन,surprise,0.5937504768371582,surprise,0.556785523891449
"Post that, the bowling team reverses the role with batting team and starts the game in the ground.",इसके बाद गेंदबाजी वाला पक्ष बल्लेबाजी करता है और बल्लेबाजी वाला पक्ष गेंदबाजी के लिए मैदान में आ जाता है। ,surprise,0.5130950808525085,love,0.7120503783226013
_ Debug,डिबग करें (_ D) ,surprise,0.7519021034240723,surprise,0.6439365148544312
So notice the derivative of x squared plus,तो सूचना के व्युत्पन्न squared प्लस x,surprise,0.7135472893714905,surprise,0.6232218742370605
Oghur languages,ओग़ुर भाषाएँ,surprise,0.6041516661643982,surprise,0.4371030628681183
"Thy people (O Muhammad) have denied it, though it is the Truth. Say: I am not put in charge of you.","तुम्हारी क़ौम ने तो उसे झुठला दिया, हालाँकि वह सत्य है। कह दो, मैं ""तुमपर कोई संरक्षक नियुक्त नहीं हूँ",surprise,0.39895015954971313,surprise,0.89948970079422
"In his next novel, Koi Haria But Rahio Ri A Rare Plant Has - Stayed Green Nanak Singh seems to be attempting a novel that should present the social reality of post - Independence India in as many aspects as he had done in China Lahu about forty years earlier when the struggle for independence from British rule had assumed near - revolutionary dimensions.",अपने अगले उपन्यास कोई हरिआ बूट रहिओ री कोई बिरला नानक सिंह ही हरा बचा हैं में नानक सिंह ऐसे उपन्यास के लिए प्रयत्नशील देते हैं जिसमें स्वतन्त्रता के बाद के भारत के सामाजिक यथार्थ को बहुआयामी रुप में उसी प्रकार चित्रित किया जाए जैसा कि उन्होंने चालीस वर्ष पहले उस समय किया था जब स्वतन्त्रता-संघर्ष लगभग क्रांतिकारी रुप ले चुका था। ,surprise,0.4561884105205536,surprise,0.403133362531662
"Their forecast enquiries extend to auspicious days in the future, for travel - 32 FOLKLORE OF ANDHRA PRADESH ling, for beginning agricultural operations,, for fixing up a marriage, for the wedding day, for occupying a newly - built house and various other activities mundane to village life.","उनके भविष्य-कथनों में उन दिनों को भी बताया जाता है जो यात्रा, खेती के काम, सगाई, विवाह, गृह प्रवेश या ग्राम्य जीवन की दूसरी सामान्य गतिविधियों के लिए शुभ होते हैं। ",surprise,0.5899103879928589,joy,0.2535381615161896
Monmouth Cricket Club,मॉनमाउथ क्रिकेट क्लब,surprise,0.4749385416507721,surprise,0.470902681350708
frame,पिंजर,surprise,0.47846296429634094,surprise,0.5065264105796814
Khwarezm,ख़्वारेज़्म,surprise,0.7144681811332703,joy,0.6175245046615601
"To me, the most satisfying feature of the scheme is that within five years, it will attain self - dependence automatically.","इस योजना का एक पहलू जो मुझे सबसे ज्यादा आकर्षक लगा, वह है कि यह योजना पांच वर्ष के अंदर स्वतः आत्मनिर्भरता प्राप्त कर लेगी। ",joy,0.9407105445861816,joy,0.39173540472984314
"And (silver) doors to their houses, and thrones (of silver) on which they could recline,",और उनके घरों के दरवाज़े भी और वे तख़्त भी जिनपर वे टेक लगाते,surprise,0.5067188143730164,surprise,0.35453668236732483
Adds support for internationalization so that your project can have translations in different languages,समर्थन के लिए इंच,surprise,0.4632207751274109,surprise,0.45899638533592224
"The disc in ""% s"" is empty.","""% s"" में डिस्क समर्थित नहीं है. ",surprise,0.43813058733940125,sadness,0.5802056193351746
He became a cult and a legend.,वे एक पंथ ओर दृष्टांत के रूप में जाने जाने लगे। ,surprise,0.3838396966457367,surprise,0.7686112523078918
Scandinavian language,नोर्डिक,surprise,0.44266369938850403,surprise,0.5245488882064819
temporary,आनीजानी,surprise,0.6011318564414978,surprise,0.38900744915008545
"The following morning, Shravan woke up early and helped his parents to get ready.",अपने माता-पिता को तैयार किया। ,surprise,0.41286689043045044,fear,0.3547539710998535
"so that We may bring life to a dead land; and slake the thirst of Our creation; cattle and men, in great numbers.",ताकि हम उसके ज़रिए से मुर्दा (वीरान) शहर को ज़िन्दा (आबाद) कर दें और अपनी मख़लूकात में से चौपायों और बहुत से आदमियों को उससे सेराब करें,joy,0.3825853168964386,surprise,0.6461842060089111
Javagal Srinath,जवागल श्रीनाथ ,surprise,0.4262896180152893,surprise,0.5159762501716614
"We must continue to harness and leverage our e-governance capabilities for improving the lives of the poor and needy, and to transform India into a more equitable and financially inclusive society.",हम गरीब और जरूरतमंद के जीवन को सुधारने तथा भारत को अधिक समतामूलक और वित्तीय रूप से समावेशी समाज में बदलने के लिए हमारी ई-शासन क्षमताओं का प्रयोग करते रहेंगे और उनका लाभ उठाते रहेंगे।,surprise,0.6680303812026978,surprise,0.365813672542572
"Weapon System of the Army includes BrahMos Weapon System, Smerch Multi Rocket Launcher System (MLRS) and Pinaka Multi Barrel Rocket Launcher System (MBRLS).","सेना की आयुध प्रणाली में ब्रह्मोस, स्मर्च मल्टी रॉकेट लांचर सिस्टम (एमएलआरएस) और पिनाक मल्टी बैरेल रॉकेट लांचर सिस्टम (एमबीआरएलएस) जैसी उन्नत चीजें शामिल हैं",surprise,0.4047881066799164,surprise,0.3939644694328308
'Therefore the author need not be presumed to have attempted to write on subjects which had been definitively dealt with by previous writers and on which he does not have anything original to say.,"इसलिए यह माने की कोई आवश्यकता नहीं कि उन्होंने ऐसे विषयों पर भी लिखने की चेष्टा की होगी जिन्हें पूर्ववर्ती ग्रन्थकारों द्वारा निश्चित आकार दिया जा चुका था, या जिन पर उनके पास कुछ मौलिक पंण्डितराज जगन्नाथ कहने के लिए नहीं था। ",surprise,0.6516039967536926,surprise,0.8761004209518433
Shellfish eaten raw have been a source of cholera.,शेलफिश द्वारा खाये जानेवाले कच्चे पदार्थ भी हैजा के स्रोत हो सकते हैं। ,surprise,0.34639644622802734,sadness,0.5025539994239807
chevy,दुःखी करना,surprise,0.501438558101654,surprise,0.48298999667167664
TeX Guide,टेटेक्स मार्गदर्शक,surprise,0.44655418395996094,fear,0.6359034776687622
For it compels a constant reference at each moment to the Origin of all being and will and action and there is at once an embracing and exceeding of all particular forms and appearances in That which is their cause and upholder.,"क्योंकि इससे बाध्य होकर हम प्रतिक्षण समस्त सत्ता, संकल्प और कर्म के उद्गम के सामने निरन्तर अपनी जिज्ञासा निवेदित करते हैं और इन सब विभिनन आकारों तथा प्रतीतियों का हम उस तत् में जो इनका कर्त्ता धर्त्ता है, आलिड्गन करते हैं और साथ-ही-साथ इन्हें अतिक्रान्त भी कर जाते हैं। ",surprise,0.500393271446228,surprise,0.4250725507736206
"MSME - DO provides a comprehensive range of common facilities, technology support services, marketing assistance, entrepreneurial development support, etc.","एमएसएमई-डीओ द्वारा सामान्य सुविधाओं, प्रौद्योगिकी सहायता सेवाओं, विपणन सहायता, उद्यम शीलता विकास सहायता आदि की व्यापक परास प्रदान की जाती है। ",surprise,0.2508394122123718,surprise,0.331470251083374
"Thus forced by his masters, Mahadji Sindhia sent to Shah Alam in a casket the extracted eye - balls as also the severed nose and ears of Ghulam Qadir.","इस प्रकार अपने मालिकों द्वारा जोर देने पर महादजी सिंधिया ने गुलाम कादिर की निकाली हुई दोनों आँखें ही नहीं, नाक और कान भी काटकर एक तश्तरी में रखकर शाह आलम को पेश कर दिये। ",surprise,0.7008227705955505,surprise,0.42630863189697266
Local color scheme file could not be opened. Scheme cannot be recorded.,स्थानीय रंग योजना फ़ाइल खोला नहीं जा सका. योजना रेकार्ड नहीं की जा सकती. ,surprise,0.5293766260147095,surprise,0.5265825986862183
Every soul will taste death. We burden you with adversity and prosperity—a test. And to Us you will be returned.,हर जीव को मौत का मज़ा चखना है और हम अच्छी और बुरी परिस्थितियों में डालकर तुम सबकी परीक्षा करते है। अन्ततः तुम्हें हमारी ही ओर पलटकर आना है,surprise,0.6802730560302734,surprise,0.911119818687439
That must have been what happened.,"ठीक है, ऐसा ही हुआ होगा। ",surprise,0.46148747205734253,surprise,0.4987349510192871
All India Trade Union Congress,अखिल भारतीय मजदूर संघ कॉंग्रेस ,surprise,0.4785211384296417,joy,0.36988356709480286
Singhalese,सिंहली,surprise,0.49187150597572327,surprise,0.48114246129989624
& Settings,विन्यास (S) ,surprise,0.46348950266838074,surprise,0.5333091616630554
Starve,तारा,surprise,0.5774579048156738,surprise,0.4809257686138153
Khadi connotes the beginning of economic freedom and. equality of all in the country.,5 खादी देशमें सबकी आर्थिक स्वतंत्रता और समानताके प्रारंभका चिह्न है। ,surprise,0.4014885723590851,surprise,0.3804358243942261
the jack of hearts,लाल पान का गुलाम,love,0.502885639667511,surprise,0.42566025257110596
The requested operation cannot be completed.,निवेदित आपरेशन पूरा नहीं हो सकता. ,surprise,0.531775951385498,surprise,0.9750320911407471
They would only function in so far as the Sylhet area is concerned.,वे केवल सिलहट क्षेत्र के सम्बन्ध में ही कार्य करेंगे। ,joy,0.3297349214553833,sadness,0.28705382347106934
"to their own devices, a somatic stem cell or an adult","उनके अपने उपकरणों, एक दैहिक स्टेम सेल या एक वयस्क के लिए ",surprise,0.46263301372528076,surprise,0.8051432967185974
The example of those who spend their wealth in the way of Allah is like a seed [of grain] which grows seven spikes; in each spike is a hundred grains. And Allah multiplies [His reward] for whom He wills. And Allah is all - Encompassing and Knowing.,जो लोग अपने माल खुदा की राह में खर्च करते हैं उनके (खर्च) की मिसाल उस दाने की सी मिसाल है जिसकी सात बालियॉ निकलें (और) हर बाली में सौ (सौ) दाने हों और ख़ुदा जिसके लिये चाहता है दूना कर देता है और खुदा बड़ी गुन्जाइश वाला (हर चीज़ से) वाक़िफ़ है,surprise,0.4188002645969391,sadness,0.7047945261001587
Creating greater awareness about the Information and Communications Technology (ICT) programmes of the Ministry of Human Resource Development and the National Knowledge Network (NKN).,मानव संसाधन विकास मंत्रालय तथा राष्ट्रीय ज्ञान नेटवर्क के सूचना एवं संचार प्रौद्योगिकी कार्यक्रमों के बारे में अधिक जागरूकता पैदा करना।,surprise,0.508873462677002,surprise,0.39124828577041626
"And they say, “This is nothing but plain magic.","और कहते है, ""यह तो बस एक प्रत्यक्ष जादू है",surprise,0.9257725477218628,surprise,0.9689827561378479
"Perhaps no other literature gave such an elevated literary place to the prose writer, on par with the highest epic poet.",संभवतः किसी भी अन्य साहित्य में गद्य-लेखक को महाकवि के समान ऊँचा साहित्यिक दर्जा नहीं मिला होगा। ,surprise,0.9974536895751953,sadness,0.5536431670188904
Backward classes have been educated with higher education,पिछड़े वर्ग को उच्च शिक्षा में भी आरक्षण दिया गया है। ,surprise,0.5363073348999023,fear,0.6032682061195374
Empathy Internet Messaging,एंपैथी इंटरनेट मैसेजिंग,surprise,0.35959985852241516,surprise,0.4980471432209015
Could not leave network “{0} ” Nun pue colase de la rede“ {0} ”,nan,surprise,0.46726855635643005,surprise,0.4396469295024872
India signed double tax avoidance agreement with 79 countries.,भारत ने 79 देशों के साथ दोहरे कर के परिवर्जन करने के लिए करार पर हस्ताक्षर किया है। ,surprise,0.36953961849212646,joy,0.5685352683067322
"E, no E still can 't be numbered because it' s children haven 't been all numbered yet.","क्योंकि बच्चों यह है सभी अभी तक क्रमांकित किया गया नहीं E, कोई ई अभी भी गिने जा नहीं कर सकता। ",surprise,0.6268661022186279,surprise,0.6412476897239685
The process of delegating.,ऐसी प्रक्रिया जिसके द्वारा प्रत्यायोजन किया जाता हो। ,surprise,0.6638545393943787,surprise,0.455518901348114
Sanction for issue of notice.,सूचना जारी करने की मंजूरी,surprise,0.9245874881744385,surprise,0.4025135934352875
Industrial Injuries Disablement Benefit Industrial Injuries Disablement Benefit,nan,surprise,0.5035224556922913,surprise,0.4396469295024872
sad,गमगीन,sadness,0.9472000002861023,surprise,0.4563637673854828
Faith has to do with things that are not seen and hope with things that are not at hand.,श्रद्धा का उन चीजों से लेना-देना है जो दिखाई नहीं देतीं और आशा का उनसे जो हमारे हाथ में नहीं हैं. ,surprise,0.8680936694145203,fear,0.41418904066085815
"In Biology sex is the process by which hereditary characteristics are mixed and organized, which determines whether the organism becomes a male or female (sex of the organism).",जीव विज्ञान में मैथुन आनुवंशिक लक्षणों के संयोजन और मिश्रण की एक प्रक्रिया है जो कि जीव के नर या मादा (जीव का लिंग) होना निर्धारित करती है्। ,surprise,0.6145201325416565,anger,0.34072887897491455
Federal District,फेडरल जिलाncamerica. kgm,surprise,0.39747655391693115,fear,0.9317666292190552
spoken language,वाचा,surprise,0.572737991809845,surprise,0.5031949281692505
"In prison, he fell ill and his health deteriorated so much that he died soon after his return from there.",जेल में वह अस्वस्थ हो गए और उनका स्वास्थ्य इतना गिर गया कि वह पूणे से वापस आते ही चल बसे। ,surprise,0.2986980676651001,sadness,0.4503366947174072
strain,नस्ल,surprise,0.37590670585632324,surprise,0.6578624844551086
These exchanges unmistakably bring out the courage with which Yusuf Meherally was prepared to face any consequence for the patriotic duty he was performing.,इस प्रकार के संवादों से यह बोध होता है कि युसुफ़ अपने देश के प्रति कर्त्तव्यपालन के परिणामों को किस अदम्य साहस के साथ झेलने के लिए तैयार थे। ,surprise,0.8126752972602844,surprise,0.5595503449440002
Our leaders also realized that a nuclear - weapon - free - world would enhance not only India 's security but also the security of all nations.,"हमारे नेताओं ने महसूस किया कि परमाणु शस्त्र से मुक्त विश्व न सिर्फ भारत की सुरक्षा, अपितु राष्ट्रों की सुरक्षा में अभिवृद्धि करेगा। ",surprise,0.43653997778892517,sadness,0.2836085557937622
journalism,पत्रकारिता,surprise,0.6083785891532898,surprise,0.4326620101928711
"(vi) any other field which the Board may prescribe in this behalf, who is employed in a capacity in which such specialised knowledge and experience are actually utilised;","(vi) किसी अन्य विषय का, जो बोर्ड इस संबंध में विहित करे, विशेष ज्ञान या अनुभव है और जो ऐसी हैसियत में नियोजित है जिसमें ऐसे विशेष ज्ञान और अनुभव का वास्तव में उपयोग किया जाता है।",surprise,0.5030969977378845,surprise,0.47725576162338257
ICTs can aid teacher self - learning in subject matter,आईसीटी विषय के मामले में स्व-शिक्षा के लिए शिक्षक की सहायता कर सकते हैं,surprise,0.47566187381744385,sadness,0.4368912875652313
"And let there be among you a community calling to virtue, and advocating righteousness, and deterring from evil. These are the successful.",और तुम्हें एक ऐसे समुदाय का रूप धारण कर लेना चाहिए जो नेकी की ओर बुलाए और भलाई का आदेश दे और बुराई से रोके। यही सफलता प्राप्त करनेवाले लोग है,surprise,0.6495103240013123,surprise,0.4823019504547119
"Outlook Contacts CSV or Tab (. csv,. tab)","आउटलुक संपर्क CSV या Tab (. csv,. tab) ",surprise,0.33183833956718445,surprise,0.479496568441391
Before you get any money you will have to agree how you will pay the loan back.,आप को पैसे मिलने से पहले यह स्पष्ट करना होगा कि आप उधार कैसे चक सकते है. ,surprise,0.40216290950775146,surprise,0.7111818194389343
Font Color,फ़ॉन्ट रंग,surprise,0.5495666265487671,anger,0.30820605158805847
tranquilizing,शमक,surprise,0.3356491029262543,surprise,0.395026832818985
leader,अगुआ,surprise,0.4725475311279297,surprise,0.7159926891326904
Relaxation of rules,नियम शिथिलन,surprise,0.7382668256759644,sadness,0.6170529723167419
applaudable,क़ाबिलेतारीफ़,joy,0.6705359220504761,fear,0.4375660717487335
Bill Tilman,बिल टिल्मैन ,surprise,0.44605422019958496,love,0.854729175567627
Ramananda came to be convinced that knowledge and any message about the life of spirit could never percolate to the larger mass of the people as long as the masters kept themselves confined within the bounds of a language that was not spoken by the people.,रामानंद को निश्चय हो गया था कि ज्ञान तथा अध्यात्म जीवन का कोई भी संदेश तब तक बहुसंख्यक जनता तक नहीं पहुंच सकता जब तक धर्मनेता अपने ज्ञान को उसी भाषा तक सीमित रखेंगे जिसको आम आदमी व्यवहार में नहीं लाता। ,surprise,0.7211043238639832,surprise,0.39639854431152344
Many birds and insects live on them.,कई पक्षी एवं कीट-पंतग इन पर वास करते हैं। ,anger,0.2589115500450134,surprise,0.6209167838096619
"As a matter of fact, he stopped at the point where he came upon a situation that was to develop into an ugly feud soon.","वस्तुतः जहॉँ उन्होंने देखाा कि घटनाओं का मोड़ कुरुप होने वाला है, वहीं वे ठहर गये। ",surprise,0.9822471737861633,surprise,0.8955090045928955
I also request the private sector to employ more and more persons with disabilities in their establishments and industries.,मैं निजी क्षेत्र से भी अनुरोध करता हूँ कि वह अपने प्रतिष्ठानों और उद्योगों में अधिक से अधिक निःशक्तजनों को रोजगार दें। ,surprise,0.544529139995575,fear,0.5713034272193909
Speech synthesis is still far off from the humans reach.,संवाद संश्लेषण अभी भी मनुष्यों की पहुंच से दूर है. ,surprise,0.9493821859359741,surprise,0.5014694333076477
I did not call (the unjust) to witness the creation of the heavens and earth nor to witness their own creation nor did I want to be helped by those who lead people astray.,मैने न तो आसमान व ज़मीन के पैदा करने के वक्त उनको (मदद के लिए) बुलाया था और न खुद उनके पैदा करने के वक्त अौर मै (ऐसा गया गुज़रा) न था कि मै गुमराह करने वालों को मददगार बनाता,surprise,0.7599125504493713,surprise,0.43728527426719666
Advertisement & Application form,विज्ञापन और आवेदन प्रारूप,surprise,0.5488870143890381,surprise,0.3766135573387146
Chalu was still sulking and was rather surprised to see them.,चालू अभी तक खीझा हुआ था और उन लोगों को वहां देखकर और भी आश्चर्यचकित था। ,surprise,0.7077745795249939,fear,0.4265381395816803
"Yankton County, South Dakota",यॅङ्कटन काउण्टी ,surprise,0.41289857029914856,surprise,0.6477642059326172
"And some of the ignorant are those who when spending in Allah 's cause consider it a ransom, and await the coming of the cycles (of misfortunes) upon you; upon them only is the evil cycle of misfortune; and Allah is All Hearing, All Knowing.","और कुछ बद्दूज ऐसे है कि वे जो कुछ ख़र्च करते है, उसे तावान समझते है और तुम्हारे हक़ मं बुरी गर्दिशों (बुरे दिन) की प्रतीक्षा में हैं, बुरी गर्दिश में तो वही है। अल्लाह सब कुछ सुनता, जानता है",surprise,0.42734724283218384,surprise,0.263655424118042
Cannot Delete,विलोपित नहीं कर सकते,surprise,0.44536513090133667,surprise,0.8089334964752197
Fetch remote branches after creation,रिमोट पश्चात,surprise,0.708940327167511,surprise,0.7592847943305969
So that little pattern that we had,इसलिए ये क्रम जो हमारे पास है जहाँ पर तुम बस ,surprise,0.8015636801719666,surprise,0.7466509342193604
Syrup,"शर्बत, मिष्टोद",surprise,0.5420019626617432,surprise,0.7531040906906128
"However, there are some of the GIs which are not registrable under the Act, about which consumers must be fully aware.",तथापि कुछ ऐसे भौगोलिक सूचक हैं जो अधिनियम के अंतर्गत पंजीकृत नहीं है और जिनके बारे में उपभोक्ता को पूर्ण जानकारी होनी चाहिए। ,surprise,0.3582027852535248,surprise,0.5873236656188965
"He said, “O my people! There is no straying in me – I am in fact a Noble Messenger from the Lord Of The Creation. ”",तब नूह ने कहा कि ऐ मेरी क़ौम मुझ में गुमराही (वग़ैरह) तो कुछ नहीं बल्कि मैं तो परवरदिगारे आलम की तरफ से रसूल हूँ,surprise,0.8767171502113342,surprise,0.3881421685218811
& Recipient:,प्राप्तकर्ताः (R) ,surprise,0.5606998801231384,surprise,0.35214248299598694
Encryption:,एनक्रिप्शनः,surprise,0.5611339807510376,surprise,0.712232232093811
Premchand came from Urdu background and became great in Hindi.,प्रेमचन्द उर्दू का संस्कार लेकर हिन्दी में आए थे और हिन्दी के महान लेखक बने। ,joy,0.2622080445289612,sadness,0.5901752710342407
Dummy window only,सिर्फ डमी विंडो,surprise,0.9565749764442444,surprise,0.6343392133712769
Different people see things differently:,अलग अलग लोग एक ही चीज़ को: ,surprise,0.8398110270500183,joy,0.4213944971561432
renounce,त्याग करना,surprise,0.5043091773986816,surprise,0.4542817175388336
Rajinikanth,रजनीकान्त ,surprise,0.43549859523773193,surprise,0.4271048903465271
turpentine,श्रीवेष्ट,surprise,0.5404099822044373,surprise,0.44256818294525146
You will not be able to play midi.,आप midi रिकार्ड या प्ले नहीं कर सकते. ,surprise,0.3873996138572693,surprise,0.3920971751213074
_ Continuous,निरन्तर (_ C) ,surprise,0.4524739682674408,surprise,0.3343959450721741
It 's really wonderful the way he organizes things.,उनकी व्यवस्था आश्चर्यजनक हैं। ,joy,0.8336724042892456,surprise,0.6380082964897156
fall back,पिछड़ना,surprise,0.48951202630996704,surprise,0.7521196603775024
"It was the custom among rich Ezhava families to host studious lads, thus enabling them to study under the Savarna where they were forbidden to stay.",उस समय समृद्व ऐजावा परिवारो में प्रतिभा-संपन्न विधाथियों की सहयता करनें की प्रथा प्रचलित थी जिससे वे उन सवर्णों के साथ रहकर पढ़ सकें जिनके साथ रहना वर्जित था। ,surprise,0.8407509922981262,sadness,0.8368840217590332
pigeon-pea plant,आढ़क,surprise,0.4638272523880005,surprise,0.40092694759368896
Kurdistan Province,कुर्दिस्तान प्रांत,surprise,0.4352870583534241,sadness,0.6907697916030884
"Thus, though its poetry is far from perfect, its sustained majesty and devotion are remarkable and as an experiment in poetic hymnology, it has its place secure.","इस प्रकार, इसमें कविता की परिपक्वता तो नहीं है परनतु इसका स्थान जरूर सुरक्षित माना जा सकता है। ",surprise,0.9337567090988159,surprise,0.9110714793205261
comportment,रुख,surprise,0.5574613809585571,surprise,0.4273309111595154
"(1A) [Omitted by the Finance (No. 2) Act, 1991, w.e.f. 27-9-1991.]","(1क) [वित्त (सं. 2) अधिनियम, 1991 द्वारा 27.9.1991 से लोप किया गया।]",surprise,0.5062083601951599,surprise,0.4552750587463379
Virtual Networks,वर्चुअल संजाल,surprise,0.4827205240726471,surprise,0.4114953279495239
It does feel like something to be wrong;,गलत होना महसूस होता है; ,surprise,0.9275842905044556,sadness,0.7857198715209961
"(i) where he is a member of any political party on the date of his nomination as such member, be deemed to belong to such political party;","(1) उस दशा में, जिसमें वह ऐसे सदस्य के रूप में अपने नामनिर्देशन की तारीख को किसी राजनीतिक दल का सदस्य है, यह समझा जाएगा कि वह ऐसे राजनीतिक दल का सदस्य है;",surprise,0.34824833273887634,surprise,0.39107608795166016
180 x 180 DPI,180 x 180 डीपीआई,surprise,0.41754841804504395,surprise,0.41179612278938293
"You either go up,","या तो आप ऊपर जाओगे, ",surprise,0.3914872109889984,surprise,0.3508380651473999
Needs to be capable of moving and clicking the mouse easily,माउस पुरी समर्थता से हिलाने और उपयोग करने के लिये उसके अभ्यास की जरूरत है. ,surprise,0.40310823917388916,surprise,0.5053005218505859
Feeding and offering gifts to Brahmins form major items of the ceremony.,इसके मुख्य अंग हैं-ब्राह्मणों को भोज और दान देना। ,love,0.2581407129764557,joy,0.5459547638893127
_ Continuous,निरन्तर (_ C) ,surprise,0.4524739682674408,surprise,0.3343959450721741
Yoga Vasistha,योगवासिष्ठ,surprise,0.5210679769515991,surprise,0.6613749265670776
thirty-nine,39,surprise,0.4445566236972809,surprise,0.437671422958374
"The founder of the Sikh religion drank its water, which, till the establishment of Pakistan 1947, used to be believed by the people to have curative properties.","सिख धर्म के संस्थापक ने उसका पानी पिया था, जो 1947 में पाकिस्तान बनने के पहले तक, जनता द्वारा रोग-निवारक विशेष गुण से पूरित माना जाता रहा। ",surprise,0.6220599412918091,surprise,0.6717105507850647
This led to the improvement of the general standard of the Department.,इससे विभाग के सामान्य स्तर में सुधार होने लगा। ,surprise,0.48464444279670715,surprise,0.8620545864105225
In 1980 italian fiction scientist created a hororrful movie (contamination film),१९८० की इटालियन काल्पनिक विज्ञानं और दहशत वाली फ़िल्म के लिये & #44; देखेंकांतामिनाशन (फिल्म) (Contamination (film)) ,fear,0.573715329170227,fear,0.8053419589996338
upcoming,भावी,surprise,0.7675804495811462,fear,0.4068750739097595
"Given the nature of the authority exercised by the raja, it is not surprising that there is very little evidence for the development of an administrative machinery during this phase.","इस प्रकार, राजा के अधिकार के स्वरुप को देखते हुए इसमें कोई आश्चर्य नहीं कि उस काल में प्रशासनिक मशीनरी के विकास का बहुत ही कम प्रमाण मिलता है। ",surprise,0.558465838432312,surprise,0.9754849672317505
Output file:,आउटपुट फ़ाइलः,surprise,0.38120561838150024,fear,0.42716848850250244
Bhagwati Babu spent more than a year in Hamirpur.,हमीरपुर में भगवती बाबू एक वर्ष से ऊपर रहे। ,surprise,0.3014084994792938,surprise,0.41759225726127625
kcmkresources,केसीएम-के-रिसोर्सेस,surprise,0.48391881585121155,surprise,0.788179874420166
He received reports from representatives of both sides on the discussions and witnessed the exchange of ten MOUs for cooperation between the institutions of higher learning of India and China.,उन्होंने विचार-विमर्श पर दोनों पक्षों के प्रतिनिधियों से रिपोर्टें प्राप्त कीं तथा भारत और चीन के उच्च शिक्षा संस्थानों के बीच सहयोग के 10 समझौता ज्ञापनो के आदान-प्रदान का अवलोकन किया।,surprise,0.33125948905944824,surprise,0.38555625081062317
emotional,भावभीनी,surprise,0.3740839958190918,surprise,0.5440216660499573
The indiscriminate adoption of norms and practices from opulent societies has led to a disorientation of values and aesthetic feeling.,समृद्ध समाजों के मानदंडों तथा आचरण को बिना सोच-विचार के अपनाते जाने से अपने निजी मूल्यों तथा भावनात्मक संवेदशीलता का ह्रास हुआ है। ,surprise,0.5146386027336121,sadness,0.4553801417350769
The SPQEM is a demand driven scheme.,एसपीक्यूईएम एक मांग नियंत्रित योजना है। ,surprise,0.5267348885536194,surprise,0.8303135633468628
"because it made him bankrupt,",क्यूंकि इसने उसे दिवालिया बना दिया,surprise,0.6408681273460388,surprise,0.36613479256629944
Anoop Kumar,अनूप कुमार,surprise,0.45899513363838196,surprise,0.7492119669914246
"According to Hindu belief Vedas, Upanishads, texts etc. eternal, everlasting God 's grace individually Mntrdrashta sages individually who had knowledge of texts documenting them.","हिन्दू मान्यता के अनुसार वेद, उपनिषद आदि ग्रन्थ अनादि, नित्य हैं, ईश्वर की कृपा से अलग-अलग मन्त्रद्रष्टा ऋषियों को अलग-अलग ग्रन्थों का ज्ञान प्राप्त हुआ जिन्होंने फिर उन्हें लिपिबद्ध किया। ",surprise,0.6425413489341736,fear,0.31629136204719543
Anjuta Shell,Anjuta शेल,surprise,0.643312931060791,joy,0.4380379617214203
Testing archive,अभिलेख जाँच रहे,surprise,0.5138642191886902,surprise,0.4535267949104309
"roasting at a scorching fire,",दहकती आग में प्रवेश करेंगे,surprise,0.45036518573760986,anger,0.3769357204437256
luster,कांति,surprise,0.4409544765949249,surprise,0.5607502460479736
Seth Govind Das,सेठ गोविंद दास,surprise,0.45683032274246216,sadness,0.8563433885574341
Print this message,संदेश छापें,surprise,0.4286346733570099,sadness,0.9406777620315552
He had once inaugurated a co - operative store in Nadiad.,उन्होंने एक बार नडियाद में सहकारिता भंडार का उदघाटन किया था। ,surprise,0.3326338231563568,surprise,0.4565005898475647
Bold & Italic,मोटा एवं तिर्यगक्षर,surprise,0.42371514439582825,surprise,0.6542283892631531
what it means for a definition of life and everything that comes after it.,यह जीवन की परिभाषा और उसके बाद के लिए क्या मतलब रखता है. ,surprise,0.5211957097053528,joy,0.34744778275489807
Remove Validity Check,वैधता जांच हटाएं,surprise,0.547995388507843,surprise,0.8680606484413147
"""% s"" expects the first argument to be either ""any"", ""summary"", or ""description"", or ""location"", or ""attendee"", or ""organizer"", or ""classification""","""% s"" पहले तर्क को ""any"", ""summary"", या ""description"", या ""location"", या ""attendee"", या ""organizer"", या ""classification"" में से किसी रूप में आशा करता है",surprise,0.41325485706329346,surprise,0.8264734745025635
"Those are they who bought the present life for the Hereafter, so the punishment will not be lightened for them, nor will they be helped.","यही वे लोग है जो आख़िरात के बदले सांसारिक जीवन के ख़रीदार हुए, तो न उनकी यातना हल्की की जाएगी और न उन्हें कोई सहायता पहुँच सकेगी",surprise,0.5281124114990234,surprise,0.9575489163398743
"They said, “O father, we went off racing one another, and left Joseph by our belongings; and the wolf ate him. But you will not believe us, even though we are being truthful. ”","कहने लगे, ""ऐ मेरे बाप! हम परस्पर दौड़ में मुक़ाबला करते हुए दूर चले गए और यूसफ़ को हमने अपने सामान के साथ छोड़ दिया था कि इतने में भेड़िया उसे खा गया। आप तो हमपर विश्वास करेंगे नहीं, यद्यपि हम सच्चे है।"" ",surprise,0.9668937921524048,fear,0.4337676763534546
